SerialNumber,CM,Line_ID,TesterName,Appraiser,Time,Test_Mode,Audit_Mode,CONFIG_VER,TestStation,TestResult,TestFailItem,ErrorCode,TestTotalTime,TSRID,Test_StartTime,PCName,Product_Name,LineID,Tester_Name,SlotID,Author,Version,Version_SW,Version_Api,Test_EndTime,TestTotalSeconds,CheckMES,CloseDoor,OpenDTC,Move_SFR,Captrue_SFR,Move_SubSFR,Captrue_SubSFR,CameraSN,sfr_25sfr_version,sfr_25modify_date,SFR_VIS_25cm_P0x,SFR_VIS_25cm_P0y,SFR_VIS_25cm_P1x,SFR_VIS_25cm_P1y,SFR_VIS_25cm_P2x,SFR_VIS_25cm_P2y,SFR_VIS_25cm_P3x,SFR_VIS_25cm_P3y,SFR_VIS_25cm_P4x,SFR_VIS_25cm_P4y,SFR_VIS_25cm_Pointing_OC_X,SFR_VIS_25cm_Pointing_OC_Y,SFR_VIS_25cm_Pan,SFR_VIS_25cm_Tilt,SFR_VIS_25cm_Rotation_P1,SFR_VIS_25cm_Rotation_P2,SFR_VIS_25cm_Rotation_P3,SFR_VIS_25cm_Rotation_P4,SFR_VIS_25cm_Rotation_Mean,SFR_VIS_25cm_Brightness_A,SFR_VIS_25cm_Brightness_B,SFR_VIS_25cm_Brightness_C,SFR_VIS_25cm_Brightness_D,SFR_VIS_25cm_Brightness_Mean,SFR_VIS_25cm_Ny4_01F_ROI1,SFR_VIS_25cm_Ny4_01F_ROI2,SFR_VIS_25cm_Ny4_01F_ROI3,SFR_VIS_25cm_Ny4_01F_ROI4,SFR_VIS_25cm_Ny4_01F_Min,SFR_VIS_25cm_Ny4_03F_ROI5,SFR_VIS_25cm_Ny4_03F_ROI6,SFR_VIS_25cm_Ny4_03F_ROI7,SFR_VIS_25cm_Ny4_03F_ROI8,SFR_VIS_25cm_Ny4_03F_Min,SFR_VIS_25cm_Ny4_06F_ROI9,SFR_VIS_25cm_Ny4_06F_ROI10,SFR_VIS_25cm_Ny4_06F_ROI11,SFR_VIS_25cm_Ny4_06F_ROI12,SFR_VIS_25cm_Ny4_06F_ROI13,SFR_VIS_25cm_Ny4_06F_ROI14,SFR_VIS_25cm_Ny4_06F_ROI15,SFR_VIS_25cm_Ny4_06F_ROI16,SFR_VIS_25cm_Ny4_06F_Min,SFR_VIS_25cm_Ny4_08F_ROI17,SFR_VIS_25cm_Ny4_08F_ROI18,SFR_VIS_25cm_Ny4_08F_ROI19,SFR_VIS_25cm_Ny4_08F_ROI20,SFR_VIS_25cm_Ny4_08FTANF_Min,SFR_VIS_25cm_Ny4_08F_ROI21,SFR_VIS_25cm_Ny4_08F_ROI22,SFR_VIS_25cm_Ny4_08F_ROI23,SFR_VIS_25cm_Ny4_08F_ROI24,SFR_VIS_25cm_Ny4_08F_ROI25,SFR_VIS_25cm_Ny4_08F_ROI26,SFR_VIS_25cm_Ny4_08F_ROI27,SFR_VIS_25cm_Ny4_08F_ROI28,SFR_VIS_25cm_Ny4_08F_Min,SFR_VIS_25cm_Ny4_010F_ROI29,SFR_VIS_25cm_Ny4_010F_ROI30,SFR_VIS_25cm_Ny4_010F_ROI31,SFR_VIS_25cm_Ny4_010F_ROI32,SFR_VIS_25cm_Ny4_010F_Min,IR_sfr_25sfr_version,IR_sfr_25modify_date,IR_SFR_VIS_25cm_P0x,IR_SFR_VIS_25cm_P0y,IR_SFR_VIS_25cm_P1x,IR_SFR_VIS_25cm_P1y,IR_SFR_VIS_25cm_P2x,IR_SFR_VIS_25cm_P2y,IR_SFR_VIS_25cm_P3x,IR_SFR_VIS_25cm_P3y,IR_SFR_VIS_25cm_P4x,IR_SFR_VIS_25cm_P4y,IR_SFR_VIS_25cm_Pointing_OC_X,IR_SFR_VIS_25cm_Pointing_OC_Y,IR_SFR_VIS_25cm_Pan,IR_SFR_VIS_25cm_Tilt,IR_SFR_VIS_25cm_Rotation_P1,IR_SFR_VIS_25cm_Rotation_P2,IR_SFR_VIS_25cm_Rotation_P3,IR_SFR_VIS_25cm_Rotation_P4,IR_SFR_VIS_25cm_Rotation_Mean,IR_SFR_VIS_25cm_Brightness_A,IR_SFR_VIS_25cm_Brightness_B,IR_SFR_VIS_25cm_Brightness_C,IR_SFR_VIS_25cm_Brightness_D,IR_SFR_VIS_25cm_Brightness_Mean,IR_SFR_VIS_25cm_Ny4_01F_ROI1,IR_SFR_VIS_25cm_Ny4_01F_ROI2,IR_SFR_VIS_25cm_Ny4_01F_ROI3,IR_SFR_VIS_25cm_Ny4_01F_ROI4,IR_SFR_VIS_25cm_Ny4_01F_Min,IR_SFR_VIS_25cm_Ny4_03F_ROI5,IR_SFR_VIS_25cm_Ny4_03F_ROI6,IR_SFR_VIS_25cm_Ny4_03F_ROI7,IR_SFR_VIS_25cm_Ny4_03F_ROI8,IR_SFR_VIS_25cm_Ny4_03F_Min,IR_SFR_VIS_25cm_Ny4_06F_ROI9,IR_SFR_VIS_25cm_Ny4_06F_ROI10,IR_SFR_VIS_25cm_Ny4_06F_ROI11,IR_SFR_VIS_25cm_Ny4_06F_ROI12,IR_SFR_VIS_25cm_Ny4_06F_ROI13,IR_SFR_VIS_25cm_Ny4_06F_ROI14,IR_SFR_VIS_25cm_Ny4_06F_ROI15,IR_SFR_VIS_25cm_Ny4_06F_ROI16,IR_SFR_VIS_25cm_Ny4_06F_Min,IR_SFR_VIS_25cm_Ny4_08F_ROI17,IR_SFR_VIS_25cm_Ny4_08F_ROI18,IR_SFR_VIS_25cm_Ny4_08F_ROI19,IR_SFR_VIS_25cm_Ny4_08F_ROI20,IR_SFR_VIS_25cm_Ny4_08FTANF_Min,IR_SFR_VIS_25cm_Ny4_08F_ROI21,IR_SFR_VIS_25cm_Ny4_08F_ROI22,IR_SFR_VIS_25cm_Ny4_08F_ROI23,IR_SFR_VIS_25cm_Ny4_08F_ROI24,IR_SFR_VIS_25cm_Ny4_08F_ROI25,IR_SFR_VIS_25cm_Ny4_08F_ROI26,IR_SFR_VIS_25cm_Ny4_08F_ROI27,IR_SFR_VIS_25cm_Ny4_08F_ROI28,IR_SFR_VIS_25cm_Ny4_08F_Min,IR_SFR_VIS_25cm_Ny4_010F_ROI29,IR_SFR_VIS_25cm_Ny4_010F_ROI30,IR_SFR_VIS_25cm_Ny4_010F_ROI31,IR_SFR_VIS_25cm_Ny4_010F_ROI32,IR_SFR_VIS_25cm_Ny4_010F_Min,sfr_4sfr_version,sfr_4modify_date,SFR_VIS_4cm_P0x,SFR_VIS_4cm_P0y,SFR_VIS_4cm_P1x,SFR_VIS_4cm_P1y,SFR_VIS_4cm_P2x,SFR_VIS_4cm_P2y,SFR_VIS_4cm_P3x,SFR_VIS_4cm_P3y,SFR_VIS_4cm_P4x,SFR_VIS_4cm_P4y,SFR_VIS_4cm_Pointing_OC_X,SFR_VIS_4cm_Pointing_OC_Y,SFR_VIS_4cm_Pan,SFR_VIS_4cm_Tilt,SFR_VIS_4cm_Rotation_P1,SFR_VIS_4cm_Rotation_P2,SFR_VIS_4cm_Rotation_P3,SFR_VIS_4cm_Rotation_P4,SFR_VIS_4cm_Rotation_Mean,SFR_VIS_4cm_Brightness_A,SFR_VIS_4cm_Brightness_B,SFR_VIS_4cm_Brightness_C,SFR_VIS_4cm_Brightness_D,SFR_VIS_4cm_Brightness_Mean,SFR_VIS_4cm_Ny4_01F_ROI1,SFR_VIS_4cm_Ny4_01F_ROI2,SFR_VIS_4cm_Ny4_01F_ROI3,SFR_VIS_4cm_Ny4_01F_ROI4,SFR_VIS_4cm_Ny4_01F_Min,SFR_VIS_4cm_Ny4_03F_ROI5,SFR_VIS_4cm_Ny4_03F_ROI6,SFR_VIS_4cm_Ny4_03F_ROI7,SFR_VIS_4cm_Ny4_03F_ROI8,SFR_VIS_4cm_Ny4_03F_Min,SFR_VIS_4cm_Ny4_06F_ROI9,SFR_VIS_4cm_Ny4_06F_ROI10,SFR_VIS_4cm_Ny4_06F_ROI11,SFR_VIS_4cm_Ny4_06F_ROI12,SFR_VIS_4cm_Ny4_06F_Min,SFR_VIS_4cm_Ny4_08F_ROI13,SFR_VIS_4cm_Ny4_08F_ROI14,SFR_VIS_4cm_Ny4_08F_ROI15,SFR_VIS_4cm_Ny4_08F_ROI16,SFR_VIS_4cm_Ny4_08F_Min,SFR_VIS_4cm_Ny4_010F_ROI17,SFR_VIS_4cm_Ny4_010F_ROI18,SFR_VIS_4cm_Ny4_010F_ROI19,SFR_VIS_4cm_Ny4_010F_ROI20,SFR_VIS_4cm_Ny4_010F_Min,IR_sfr_4sfr_version,IR_sfr_4modify_date,IR_SFR_VIS_4cm_P0x,IR_SFR_VIS_4cm_P0y,IR_SFR_VIS_4cm_P1x,IR_SFR_VIS_4cm_P1y,IR_SFR_VIS_4cm_P2x,IR_SFR_VIS_4cm_P2y,IR_SFR_VIS_4cm_P3x,IR_SFR_VIS_4cm_P3y,IR_SFR_VIS_4cm_P4x,IR_SFR_VIS_4cm_P4y,IR_SFR_VIS_4cm_Pointing_OC_X,IR_SFR_VIS_4cm_Pointing_OC_Y,IR_SFR_VIS_4cm_Pan,IR_SFR_VIS_4cm_Tilt,IR_SFR_VIS_4cm_Rotation_P1,IR_SFR_VIS_4cm_Rotation_P2,IR_SFR_VIS_4cm_Rotation_P3,IR_SFR_VIS_4cm_Rotation_P4,IR_SFR_VIS_4cm_Rotation_Mean,IR_SFR_VIS_4cm_Brightness_A,IR_SFR_VIS_4cm_Brightness_B,IR_SFR_VIS_4cm_Brightness_C,IR_SFR_VIS_4cm_Brightness_D,IR_SFR_VIS_4cm_Brightness_Mean,IR_SFR_VIS_4cm_Ny4_01F_ROI1,IR_SFR_VIS_4cm_Ny4_01F_ROI2,IR_SFR_VIS_4cm_Ny4_01F_ROI3,IR_SFR_VIS_4cm_Ny4_01F_ROI4,IR_SFR_VIS_4cm_Ny4_01F_Min,IR_SFR_VIS_4cm_Ny4_03F_ROI5,IR_SFR_VIS_4cm_Ny4_03F_ROI6,IR_SFR_VIS_4cm_Ny4_03F_ROI7,IR_SFR_VIS_4cm_Ny4_03F_ROI8,IR_SFR_VIS_4cm_Ny4_03F_Min,IR_SFR_VIS_4cm_Ny4_06F_ROI9,IR_SFR_VIS_4cm_Ny4_06F_ROI10,IR_SFR_VIS_4cm_Ny4_06F_ROI11,IR_SFR_VIS_4cm_Ny4_06F_ROI12,IR_SFR_VIS_4cm_Ny4_06F_Min,IR_SFR_VIS_4cm_Ny4_08F_ROI13,IR_SFR_VIS_4cm_Ny4_08F_ROI14,IR_SFR_VIS_4cm_Ny4_08F_ROI15,IR_SFR_VIS_4cm_Ny4_08F_ROI16,IR_SFR_VIS_4cm_Ny4_08F_Min,IR_SFR_VIS_4cm_Ny4_010F_ROI17,IR_SFR_VIS_4cm_Ny4_010F_ROI18,IR_SFR_VIS_4cm_Ny4_010F_ROI19,IR_SFR_VIS_4cm_Ny4_010F_ROI20,IR_SFR_VIS_4cm_Ny4_010F_Min,SFR_VIS_25cm_Ny4_01F_ROI1_Dev,SFR_VIS_25cm_Ny4_01F_ROI2_Dev,SFR_VIS_25cm_Ny4_01F_ROI3_Dev,SFR_VIS_25cm_Ny4_01F_ROI4_Dev,SFR_VIS_25cm_Ny4_01F_Min_Dev,SFR_VIS_25cm_Ny4_03F_ROI5_Dev,SFR_VIS_25cm_Ny4_03F_ROI6_Dev,SFR_VIS_25cm_Ny4_03F_ROI7_Dev,SFR_VIS_25cm_Ny4_03F_ROI8_Dev,SFR_VIS_25cm_Ny4_03F_Min_Dev,SFR_VIS_25cm_Ny4_06F_ROI9_Dev,SFR_VIS_25cm_Ny4_06F_ROI10_Dev,SFR_VIS_25cm_Ny4_06F_ROI11_Dev,SFR_VIS_25cm_Ny4_06F_ROI12_Dev,SFR_VIS_25cm_Ny4_06F_ROI13_Dev,SFR_VIS_25cm_Ny4_06F_ROI14_Dev,SFR_VIS_25cm_Ny4_06F_ROI15_Dev,SFR_VIS_25cm_Ny4_06F_ROI16_Dev,SFR_VIS_25cm_Ny4_08F_ROI17_Dev,SFR_VIS_25cm_Ny4_08F_ROI19_Dev,IR_SFR_VIS_25cm_Ny4_01F_ROI1_Dev,IR_SFR_VIS_25cm_Ny4_01F_ROI2_Dev,IR_SFR_VIS_25cm_Ny4_01F_ROI3_Dev,IR_SFR_VIS_25cm_Ny4_01F_ROI4_Dev,IR_SFR_VIS_25cm_Ny4_01F_Min_Dev,IR_SFR_VIS_25cm_Ny4_03F_ROI5_Dev,IR_SFR_VIS_25cm_Ny4_03F_ROI6_Dev,IR_SFR_VIS_25cm_Ny4_03F_ROI7_Dev,IR_SFR_VIS_25cm_Ny4_03F_ROI8_Dev,IR_SFR_VIS_25cm_Ny4_03F_Min_Dev,IR_SFR_VIS_25cm_Ny4_06F_ROI9_Dev,IR_SFR_VIS_25cm_Ny4_06F_ROI10_Dev,IR_SFR_VIS_25cm_Ny4_06F_ROI11_Dev,IR_SFR_VIS_25cm_Ny4_06F_ROI12_Dev,IR_SFR_VIS_25cm_Ny4_06F_ROI13_Dev,IR_SFR_VIS_25cm_Ny4_06F_ROI14_Dev,IR_SFR_VIS_25cm_Ny4_06F_ROI15_Dev,IR_SFR_VIS_25cm_Ny4_06F_ROI16_Dev,IR_SFR_VIS_25cm_Ny4_08F_ROI17_Dev,IR_SFR_VIS_25cm_Ny4_08F_ROI19_Dev,SFR_VIS_4cm_Ny4_01F_ROI1_Dev,SFR_VIS_4cm_Ny4_01F_ROI2_Dev,SFR_VIS_4cm_Ny4_01F_ROI3_Dev,SFR_VIS_4cm_Ny4_01F_ROI4_Dev,SFR_VIS_4cm_Ny4_01F_Min_Dev,SFR_VIS_4cm_Ny4_03F_ROI5_Dev,SFR_VIS_4cm_Ny4_03F_ROI6_Dev,SFR_VIS_4cm_Ny4_03F_ROI7_Dev,SFR_VIS_4cm_Ny4_03F_ROI8_Dev,SFR_VIS_4cm_Ny4_03F_Min_Dev,SFR_VIS_4cm_Ny4_06F_ROI9_Dev,SFR_VIS_4cm_Ny4_06F_ROI10_Dev,SFR_VIS_4cm_Ny4_06F_ROI11_Dev,SFR_VIS_4cm_Ny4_06F_ROI12_Dev,SFR_VIS_4cm_Ny4_08F_ROI13_Dev,SFR_VIS_4cm_Ny4_08F_ROI15_Dev,IR_SFR_VIS_4cm_Ny4_01F_ROI1_Dev,IR_SFR_VIS_4cm_Ny4_01F_ROI2_Dev,IR_SFR_VIS_4cm_Ny4_01F_ROI3_Dev,IR_SFR_VIS_4cm_Ny4_01F_ROI4_Dev,IR_SFR_VIS_4cm_Ny4_01F_Min_Dev,IR_SFR_VIS_4cm_Ny4_03F_ROI5_Dev,IR_SFR_VIS_4cm_Ny4_03F_ROI6_Dev,IR_SFR_VIS_4cm_Ny4_03F_ROI7_Dev,IR_SFR_VIS_4cm_Ny4_03F_ROI8_Dev,IR_SFR_VIS_4cm_Ny4_03F_Min_Dev,IR_SFR_VIS_4cm_Ny4_06F_ROI9_Dev,IR_SFR_VIS_4cm_Ny4_06F_ROI10_Dev,IR_SFR_VIS_4cm_Ny4_06F_ROI11_Dev,IR_SFR_VIS_4cm_Ny4_06F_ROI12_Dev,IR_SFR_VIS_4cm_Ny4_06F_Min_Dev,IR_SFR_VIS_4cm_Ny4_08F_ROI13_Dev,IR_SFR_VIS_4cm_Ny4_08F_ROI15_Dev,FixtureHome,OpenDoor
Lower Limit ----->,,,,,,,,,,,,,,,,,,,,,,,,,,,TRUE,TRUE,TRUE,TRUE,TRUE,TRUE,TRUE,,,,,,,,,,,,,,,,,,,,,,,,,,,,0.68,0.68,0.68,0.68,0.68,0.67,0.67,0.67,0.67,0.67,0.66,0.66,0.66,0.66,0.66,0.66,0.66,0.66,0.66,0.66,,0.66,,,,,,,,,,,,,,,,,,,,,,,,,,,,,,,,,,,,,,,,,,,0.59,0.59,0.59,0.59,0.59,0.57,0.57,0.57,0.57,0.57,0.56,0.56,0.56,0.56,0.56,0.56,0.56,0.56,0.56,0.55,,0.55,,,,,,,,,,,,,,,,,,,,,,,,,,,,,,,,,,,,,,,,,,,,,,,,,,,,,,,,,,,,,,,,,,,,,,,,,,,,,,,,,,,,,,,,,,,,,,,,,,,,,,,,,,,,,,,,,,,,,,,-0.12,-0.12,-0.12,-0.12,-0.12,-0.12,-0.12,-0.12,-0.12,-0.12,-0.12,-0.12,-0.12,-0.12,-0.18,-0.18,-0.18,-0.18,-0.18,-0.18,-0.12,-0.12,-0.12,-0.12,-0.12,-0.12,-0.12,-0.12,-0.12,-0.12,-0.12,-0.12,-0.12,-0.12,-0.18,-0.18,-0.18,-0.18,-0.18,-0.18,,,,,,,,,,,,,,,,,,,,,,,,,,,,,,,,,,TRUE,TRUE
Upper Limit ----->,,,,,,,,,,,,,,,,,,,,,,,,,,,,,,,,,,,,,,,,,,,,,,,,,,,,,,,,,,,,,0.9,0.9,0.9,0.9,0.9,0.9,0.9,0.9,0.9,0.9,0.9,0.9,0.9,0.9,0.9,0.9,0.9,0.9,0.9,0.9,,0.9,,,,,,,,,,,,,,,,,,,,,,,,,,,,,,,,,,,,,,,,,,,0.9,0.9,0.9,0.9,0.9,0.9,0.9,0.9,0.9,0.9,0.9,0.9,0.9,0.9,0.9,0.9,0.9,0.9,0.9,0.9,,0.9,,,,,,,,,,,,,,,,,,,,,,,,,,,,,,,,,,,,,,,,,,,,,,,,,,,,,,,,,,,,,,,,,,,,,,,,,,,,,,,,,,,,,,,,,,,,,,,,,,,,,,,,,,,,,,,,,,,,,,,0.1,0.1,0.1,0.1,0.1,0.1,0.1,0.1,0.1,0.1,0.1,0.1,0.1,0.1,0.1,0.1,0.1,0.1,0.1,0.1,0.1,0.1,0.1,0.1,0.1,0.1,0.1,0.1,0.1,0.1,0.1,0.1,0.1,0.1,0.1,0.1,0.1,0.1,0.1,0.1,,,,,,,,,,,,,,,,,,,,,,,,,,,,,,,,,,,
Unit,,,,,,,,,,,,,,,,,,,,,,,,,,,,,,,,,,,,,,,,,,,,,,,,,,,,,,,,,,,,,,,,,,,,,,,,,,,,,,,,,,,,,,,,,,,,,,,,,,,,,,,,,,,,,,,,,,,,,,,,,,,,,,,,,,,,,,,,,,,,,,,,,,,,,,,,,,,,,,,,,,,,,,,,,,,,,,,,,,,,,,,,,,,,,,,,,,,,,,,,,,,,,,,,,,,,,,,,,,,,,,,,,,,,,,,,,,,,,,,,,,,,,,,,,,,,,,,,,,,,,,,,,,,,,,,,,,,,,,,,,,,,,,,,,,,,,,,,,,,,,,,,,,,,,,,,,,,,,,,,,,,,,,,,,,,,,,,,,,,
DTC_L_1,LanSi,1,CW_01,A,2026-03-17 15:19:53+08:00,ONLINE,False,,CW_1_01,FAIL,SFR_VIS_25cm_Ny4_06F_ROI16;SFR_VIS_25cm_Ny4_06F_Min,sfr_25Algo,51.6660036,_2026031715195379502,T20260317151953,DESKTOP-P2DUL42,Loma,1,CW_1_01,2,paul di,2024.0718.155524,V20260126.2,CW_DTCL_DTCR_STC,T20260317152045,51.6660036,True,True,True,True,True,True,True,4S2RND2HBL06DS,v1.0.1,2025_12_22,314.0217,323.9565,474.5152,304.9167,296.04,151.7933,147.82,342.6733,332.0214,491.0429,-6.6163,3.3765,-0.0001,0.0,-0.2176,1.5662,-0.2116,1.563,0.675,153.4189,151.3584,149.8477,155.0928,152.4294,0.7934,0.8199,0.7758,0.7918,0.7758,0.7424,0.7301,0.7786,0.7098,0.7098,0.799,0.7887,0.7998,0.7461,0.7544,0.7353,0.7582,0.6483,0.6483,0.8194,0.98,0.8077,0.8051,0.8051,0.8425,0.7854,0.7309,0.8181,0.8351,0.8256,0.7488,0.7593,0.7309,0,0,0,0,0,v1.0.1,2025_12_22,314.0217,323.9565,475.6594,304.6594,295.8867,150.72,146.7417,342.7285,332.1489,492.0567,-6.6083,3.3242,-0.0001,0.0,-0.2183,1.566,-0.2112,1.5629,0.6748,161.4277,157.6094,163.8867,162.8174,161.4353,0.6643,0.6876,0.655,0.6977,0.655,0.647,0.6098,0.6367,0.6442,0.6098,0.6511,0.6338,0.6423,0.6326,0.6325,0.6433,0.6483,0.5943,0.5943,0.6496,0.374,0.6736,0.6862,0.374,0.6613,0.6441,0.6106,0.6579,0.6518,0.6866,0.6369,0.626,0.6106,0,0,0,0,0,v1.0.1,2025_12_22,312.7925,316.5,437.9099,303.2883,299.8512,184.7769,184.2177,330.2742,325.9569,447.1293,-7.3544,-3.1063,-0.0001,-0.0,-0.2047,1.5723,-0.2062,1.5698,0.6828,173.0674,174.3301,172.8057,175.293,173.874,0.7537,0.7018,0.7651,0.6911,0.6911,0.7142,0.6277,0.7334,0.6211,0.6211,0.7575,0.7584,0.746,0.6823,0.6823,0.6915,0,0.728,0.669,0.669,0,0,0,0,0,v1.0.1,2025_12_22,312.7736,316.4528,438.7182,302.9,299.8211,183.9593,183.3802,330.2397,326,448,-7.3614,-3.1896,-0.0001,-0.0,-0.2067,1.5728,-0.2056,1.5701,0.6826,148.4131,143.6826,143.6553,146.6055,145.5891,0.6418,0.5981,0.6375,0.617,0.5981,0.6195,0.5336,0.6079,0.5553,0.5336,0.6336,0.6269,0.6315,0.6079,0.6079,0.5648,0.5006,0.5644,0.5212,0.5006,0,0,0,0,0,-0.0204,-0.0369,-0.0528,-0.0323,-0.038,-0.0248,-0.0797,-0.0174,-0.0523,-0.0523,-0.0127,-0.0195,-0.0218,-0.0174,-0.072,-0.0839,-0.0364,-0.0899,0.0167,0.002,-0.0144,-0.0235,-0.041,-0.0074,-0.0237,-0.0107,-0.0529,-0.0256,-0.0267,-0.0479,-0.0034,-0.0152,-0.0146,-0.0039,-0.0273,-0.027,0.0053,-0.0261,-0.0104,-0.0036,-0.0165,-0.1075,-0.0305,-0.0904,-0.0791,-0.0128,-0.1526,-0.0232,-0.1044,-0.1044,-0.0135,0.0073,0.0002,-0.01,-0.0352,0.0095,-0.0156,-0.0889,-0.0297,-0.0615,-0.0593,-0.005,-0.1117,-0.0167,-0.0831,-0.0909,0.002,0.009,-0.0042,0.0155,0.0155,0.0014,-0.032,True,True
DTC_R_1,LanSi,1,CW_01,A,2026-03-17 15:19:53+08:00,ONLINE,False,,CW_1_01,PASS,,,51.6809645,_2026031715195379201,T20260317151953,DESKTOP-P2DUL42,Loma,1,CW_1_01,1,paul di,2024.0718.155524,V20260126.2,CW_DTCL_DTCR_STC,T20260317152045,51.6809645,True,True,True,True,True,True,True,4S2RND2HBL0DP6,v1.0.1,2025_12_22,315.0963,316.5481,475.1765,296.8529,295.1164,148.3699,149.069,336.8414,335.9122,483.9527,-5.4259,-2.987,-0.0001,-0.0,-0.2219,1.552,-0.2211,1.5466,0.6639,156.4873,153.7129,153.4658,156.2148,154.9702,0.8658,0.7615,0.8599,0.769,0.7615,0.8241,0.7267,0.8196,0.7414,0.7267,0.8296,0.8074,0.7829,0.7986,0.7072,0.7182,0.7494,0.7362,0.7072,0.8507,0.796,0.7849,0.6635,0.6635,0.8499,0.7724,0.7564,0.8285,0.7403,0.1386,0.821,0.8379,0.1386,0,0,0,0,0,v1.0.1,2025_12_22,315.0797,316.5145,476.2044,296.7299,295.0541,147.3446,148,337,335.9195,485,-5.4485,-2.9822,-0.0001,-0.0,-0.2217,1.5525,-0.2215,1.5472,0.6641,163.1787,156.8252,165.0527,165.877,162.7334,0.703,0.6451,0.7121,0.6596,0.6451,0.6846,0.6289,0.6662,0.6343,0.6289,0.6486,0.6577,0.6331,0.6617,0.6051,0.632,0.6,0.6214,0.6,0.6934,0.6404,0.6604,0.2166,0.2166,0.6387,0.6441,0.6555,0.6868,0.6197,0.3236,0.6387,0.6618,0.3236,0,0,0,0,0,v1.0.1,2025_12_22,317.0849,327.6698,441.7838,312.7207,302.4365,196.0635,188.3689,342.0902,331.9561,455.2368,-3.174,7.2562,-0.0,0.0001,-0.2188,1.5594,-0.2111,1.5542,0.671,177.0869,176.6172,176.4551,178.3232,177.1206,0.7904,0.6179,0.7999,0.6076,0.6076,0.7588,0.6068,0.7729,0.618,0.6068,0.7614,0.7616,0.7287,0.7272,0.7272,0.744,0.669,0.7147,0,0.669,0,0,0,0,0,v1.0.1,2025_12_22,317.1346,327.8654,442.5263,312.5263,302.2903,195.2339,187.5,342.3333,332,456,-3.2097,7.2918,-0.0,0.0001,-0.2212,1.5588,-0.2106,1.5548,0.6704,148.8037,142.4326,144.3291,146.54,145.5264,0.6606,0.5494,0.6706,0.561,0.5494,0.6304,0.5426,0.6391,0.556,0.5426,0.6276,0.6209,0.6239,0.6189,0.6189,0.5952,0.5464,0.5795,0.0847,0.0847,0,0,0,0,0,0.0005,-0.1146,-0.0051,-0.1045,-0.1035,0.006,-0.0953,-0.0019,-0.0863,-0.0914,0.009,-0.0048,-0.022,-0.0129,-0.0966,-0.0995,-0.0293,-0.0883,-0.0009,-0.0131,0.0002,-0.0731,0.005,-0.0561,-0.0577,0.0084,-0.0617,-0.016,-0.0446,-0.0473,-0.0094,0.0057,-0.0134,-0.0006,-0.0578,-0.0375,-0.0118,-0.0274,-0.0057,-0.0059,-0.004,-0.1899,-0.004,-0.2038,-0.1868,0.0027,-0.1532,0.0099,-0.1577,-0.1493,-0.0089,-0.0011,-0.0122,-0.0007,-0.0024,-0.0182,-0.0035,-0.1152,-0.0011,-0.1112,-0.1147,-0.0119,-0.1092,-0.0086,-0.0888,-0.0997,-0.0119,-0.0279,-0.0028,-0.0077,-0.0077,0.0032,0.0081,True,True
DTC_R_2,LanSi,1,CW_01,B,2026-03-17 15:21:52+08:00,ONLINE,False,,CW_1_01,FAIL,SFR_VIS_25cm_Ny4_03F_ROI8_Dev,Dev,51.8536248,_2026031715215280601,T20260317152152,DESKTOP-P2DUL42,Loma,1,CW_1_01,1,paul di,2024.0718.155524,V20260126.2,CW_DTCL_DTCR_STC,T20260317152244,51.8536248,True,True,True,True,True,True,True,4S2RND2HBL0DP6,v1.0.1,2025_12_22,315,316.0863,474.8897,296.0441,295.0608,146.4324,149.3487,336.6776,335.6187,483.7914,-5.5164,-3.6936,-0.0001,-0.0,-0.2242,1.5533,-0.2232,1.5479,0.6635,155.8379,153.5234,152.1016,155.8359,154.3247,0.8649,0.8362,0.8364,0.8142,0.8142,0.8072,0.743,0.8132,0.7016,0.7016,0.808,0.8245,0.7952,0.8208,0.7542,0.7401,0.7411,0.6691,0.6691,0.8383,0.8244,0.8162,0.98,0.8162,0.8394,0.7926,0.786,0.8366,0.7787,0.846,0.751,0.8414,0.751,0,0,0,0,0,v1.0.1,2025_12_22,315.0429,316.1071,476,295.9137,294.9732,145.5369,148.0952,336.7619,335.8099,484.8169,-5.5158,-3.6727,-0.0001,-0.0,-0.2243,1.5532,-0.2226,1.5478,0.6635,163.2529,157.7441,165.6143,166.0215,163.1582,0.701,0.6874,0.6593,0.6917,0.6593,0.6663,0.6318,0.6691,0.6214,0.6214,0.6527,0.6514,0.6417,0.6621,0.6382,0.6418,0.6003,0.586,0.586,0.693,0.6713,0.6454,0.145,0.145,0.6597,0.6595,0.6553,0.6738,0.6245,0.5551,0.6492,0.6966,0.5551,0,0,0,0,0,v1.0.1,2025_12_22,317.1028,327.6168,441.5044,312.292,302.4567,194.8819,188.5,342.1452,331.9167,455.5648,-3.2039,7.0001,-0.0,0.0001,-0.2221,1.5604,-0.212,1.555,0.6703,176.8516,176.7715,175.4727,178.0576,176.7883,0.808,0.7013,0.767,0.6892,0.6892,0.7427,0.638,0.7685,0.5839,0.5839,0.7504,0.755,0.7457,0.7318,0.7318,0.739,0.6745,0.7236,0,0.6745,0,0,0,0,0,v1.0.1,2025_12_22,317.0849,327.6698,442.3153,312.2432,302.328,194.16,187.5667,342.3583,331.9633,456.4587,-3.2484,7.078,-0.0,0.0001,-0.2221,1.5602,-0.2124,1.5553,0.6702,148.917,143.3184,144.3779,146.8672,145.8701,0.652,0.593,0.6293,0.5961,0.593,0.629,0.5607,0.6464,0.5193,0.5193,0.634,0.6189,0.6336,0.6205,0.6189,0.5894,0.5644,0.57,0.3577,0.3577,0,0,0,0,0,-0.0004,-0.0399,-0.0286,-0.0593,-0.0508,-0.0109,-0.079,-0.0083,-0.1261,-0.1165,-0.0126,0.0123,-0.0097,0.0093,-0.0496,-0.0776,-0.0376,-0.1554,-0.0133,0.0182,-0.0018,-0.0308,-0.0478,-0.024,-0.0435,-0.0099,-0.0588,-0.0131,-0.0575,-0.0548,-0.0053,-0.0006,-0.0048,-0.0002,-0.0247,-0.0277,-0.0115,-0.0628,-0.0061,-0.0209,0.0136,-0.1065,-0.0369,-0.1222,-0.1052,-0.0134,-0.122,0.0055,-0.1918,-0.1722,-0.0199,-0.0077,0.0048,0.0039,-0.0074,-0.0093,-0.0121,-0.0716,-0.0424,-0.0761,-0.0711,-0.0133,-0.0911,-0.0013,-0.1255,-0.123,-0.0055,-0.0299,0.0069,-0.0061,-0.0077,-0.0026,-0.0014,True,True
DTC_L_2,LanSi,1,CW_01,B,2026-03-17 15:21:52+08:00,ONLINE,False,,CW_1_01,PASS,,,51.9184517,_2026031715215274302,T20260317152152,DESKTOP-P2DUL42,Loma,1,CW_1_01,2,paul di,2024.0718.155524,V20260126.2,CW_DTCL_DTCR_STC,T20260317152244,51.9184517,True,True,True,True,True,True,True,4S2RND2HBL06DS,v1.0.1,2025_12_22,315.0584,322.927,475.6741,303.4667,297.4211,151.9605,149.5,341.5867,333.2681,488.558,-5.3157,2.1998,-0.0001,0.0,-0.2201,1.5675,-0.2117,1.5608,0.6741,151.5791,149.7344,147.9863,153.2734,150.6433,0.814,0.8154,0.8307,0.7716,0.7716,0.7783,0.7408,0.787,0.7273,0.7273,0.8117,0.7979,0.8058,0.7633,0.7227,0.7233,0.6882,0.6936,0.6882,0.8041,0.98,0.8193,0.7558,0.7558,0.8476,0.7901,0.7541,0.8393,0.8082,0.7656,0.7659,0.779,0.7541,0,0,0,0,0,v1.0.1,2025_12_22,315.1277,323,476.7801,303.3617,297.2252,151.0662,148.3826,341.7383,333.3617,489.6028,-5.3246,2.2538,-0.0001,0.0,-0.2204,1.5665,-0.2114,1.5613,0.674,160.4131,157.124,163.2441,162.2969,160.7695,0.6735,0.6833,0.6938,0.6842,0.6735,0.663,0.6275,0.6543,0.6352,0.6275,0.6508,0.6502,0.6557,0.6353,0.6164,0.6238,0.5993,0.5948,0.5948,0.6563,0.3768,0.6942,0.6664,0.3768,0.6466,0.6426,0.6308,0.6879,0.6647,0.6786,0.647,0.6457,0.6308,0,0,0,0,0,v1.0.1,2025_12_22,313.8462,315.5962,438.9375,302.1071,301.0513,184.735,185.5378,329.3697,326.9375,445.5893,-6.2379,-4.0205,-0.0001,-0.0,-0.2069,1.5728,-0.2064,1.5699,0.6824,172.7598,174.3809,172.1123,174.9844,173.5593,0.7672,0.7007,0.7856,0.6624,0.6624,0.7327,0.6464,0.7424,0.6217,0.6217,0.7558,0.7406,0.7571,0.678,0.678,0.7031,0,0.7095,0.6438,0.6438,0,0,0,0,0,v1.0.1,2025_12_22,313.8286,315.4571,439.7982,301.8158,301,183.8974,184.605,329.395,327,446.4035,-6.2536,-4.1062,-0.0001,-0.0,-0.2074,1.5731,-0.2069,1.57,0.6822,147.4863,143.3477,142.6504,145.8682,144.8381,0.6462,0.5906,0.6728,0.6017,0.5906,0.6111,0.5577,0.6301,0.5576,0.5576,0.6138,0.611,0.6359,0.6045,0.6045,0.563,0.5145,0.5879,0.5414,0.5145,0,0,0,0,0,0.0002,-0.0414,0.0021,-0.0525,-0.0422,0.0111,-0.069,-0.009,-0.0348,-0.0348,0,-0.0103,-0.0158,-0.0002,-0.1037,-0.0959,-0.1064,-0.0446,0.0014,0.0136,-0.0052,-0.0278,-0.0022,-0.0209,-0.0052,0.0053,-0.0352,-0.008,-0.0357,-0.0302,-0.0037,0.0012,-0.0012,-0.0012,-0.0434,-0.0465,-0.0437,-0.0256,-0.0037,0.017,-0.003,-0.1086,-0.01,-0.1191,-0.1078,0.0057,-0.1339,-0.0142,-0.1038,-0.1038,-0.0152,-0.0105,0.0113,-0.0143,-0.0236,-0.009,-0.0112,-0.0964,0.0056,-0.0768,-0.0668,-0.0134,-0.0876,0.0055,-0.0808,-0.0669,-0.0178,-0.0069,0.0002,0.0121,0.0121,-0.0004,-0.0085,True,True
DTC_R_3,LanSi,1,CW_01,C,2026-03-17 15:23:35+08:00,ONLINE,False,,CW_1_01,PASS,,,51.9311257,_2026031715233545101,T20260317152335,DESKTOP-P2DUL42,Loma,1,CW_1_01,1,paul di,2024.0718.155524,V20260126.2,CW_DTCL_DTCR_STC,T20260317152427,51.9311257,True,True,True,True,True,True,True,4S2RND2HBL0DP6,v1.0.1,2025_12_22,315.3556,317,475.5833,297.1288,295.5168,148.4564,149.5168,337.4564,336.1391,485.2583,-5.0777,-2.44,-0.0001,-0.0,-0.2229,1.5531,-0.2222,1.5474,0.6639,156.9043,154.5918,154.1123,156.46,155.5171,0.863,0.7795,0.8805,0.7599,0.7599,0.8127,0.7399,0.8131,0.7671,0.7399,0.8177,0.8049,0.7939,0.8122,0.7152,0.7207,0.7566,0.7579,0.7152,0.8248,0.7973,0.8084,0.2669,0.2669,0.846,0.7467,0.7475,0.8261,0.7248,0.7169,0.8368,0.8272,0.7169,0,0,0,0,0,v1.0.1,2025_12_22,315.292,317,476.6618,297.1176,295.3649,147.4189,148.3673,337.483,336.14,486.3067,-5.1348,-2.4348,-0.0001,-0.0,-0.2221,1.5533,-0.2216,1.5478,0.6644,163.1484,157.2109,165.7578,166.2598,163.0942,0.7009,0.6623,0.7169,0.6619,0.6619,0.6756,0.6344,0.68,0.6404,0.6344,0.653,0.6418,0.6408,0.6478,0.6097,0.6376,0.5994,0.6434,0.5994,0.6859,0.6475,0.6773,0.0971,0.0971,0.6521,0.6442,0.6334,0.6725,0.6122,0.6137,0.6413,0.681,0.6122,0,0,0,0,0,v1.0.1,2025_12_22,317.3019,328.1698,442.045,313.1892,302.7244,196.4488,188.6639,342.5082,332.0439,456.2368,-2.9442,7.8106,-0.0,0.0001,-0.219,1.5601,-0.2105,1.5557,0.6716,176.8623,177.1797,177.1885,178.0537,177.321,0.7974,0.6183,0.8075,0.6175,0.6175,0.7473,0.6185,0.7736,0.641,0.6185,0.765,0.7623,0.7317,0.7477,0.7317,0.7593,0.6552,0.7215,0,0.6552,0,0,0,0,0,v1.0.1,2025_12_22,317.3396,328.2358,443.0278,313.0463,302.6098,195.813,187.878,342.6667,332.2069,457.0603,-2.8876,7.8644,-0.0,0.0001,-0.2198,1.5595,-0.2105,1.5554,0.6712,148.8916,142.8223,144.6445,146.6621,145.7551,0.657,0.5492,0.6742,0.5542,0.5492,0.6391,0.536,0.6402,0.5533,0.536,0.6188,0.6262,0.6033,0.6228,0.6033,0.5871,0.5321,0.5766,0.3405,0.3405,0,0,0,0,0,-0.0023,-0.0966,0.0155,-0.1136,-0.1051,-0.0054,-0.0821,-0.0084,-0.0606,-0.0782,-0.0029,-0.0073,-0.011,0.0007,-0.0886,-0.097,-0.0221,-0.0666,-0.0268,0.0104,-0.0019,-0.0559,0.0098,-0.0538,-0.0409,-0.0006,-0.0562,-0.0022,-0.0385,-0.0418,-0.005,-0.0102,-0.0057,-0.0145,-0.0532,-0.0319,-0.0124,-0.0054,-0.0132,0.011,0.003,-0.1895,0.0036,-0.1939,-0.1769,-0.0088,-0.1415,0.0106,-0.1347,-0.1376,-0.0053,-0.0004,-0.0092,0.0198,0.0129,-0.0114,-0.0071,-0.1154,0.0025,-0.118,-0.1149,-0.0032,-0.1158,-0.0075,-0.0915,-0.1063,-0.0207,-0.0226,-0.0234,-0.0038,-0.0233,-0.0049,0.0052,True,True
DTC_L_3,LanSi,1,CW_01,C,2026-03-17 15:23:35+08:00,ONLINE,False,,CW_1_01,PASS,,,52.0837181,_2026031715233549402,T20260317152335,DESKTOP-P2DUL42,Loma,1,CW_1_01,2,paul di,2024.0718.155524,V20260126.2,CW_DTCL_DTCR_STC,T20260317152427,52.0837181,True,True,True,True,True,True,True,4S2RND2HBL06DS,v1.0.1,2025_12_22,314.1739,323.6667,474.5401,304.6204,296.0592,152.5658,148.0268,342.3289,332.2086,489.6331,-6.4983,3.063,-0.0001,0.0,-0.2177,1.5648,-0.2113,1.562,0.6745,153.2764,151.624,149.6309,155.2422,152.4434,0.8037,0.7999,0.8278,0.7436,0.7436,0.7656,0.7391,0.789,0.7269,0.7269,0.8004,0.7997,0.782,0.7486,0.7195,0.7241,0.7366,0.6777,0.6777,0.8041,0.98,0.8196,0.8329,0.8041,0.8485,0.8225,0.7659,0.8383,0.8412,0.8009,0.7705,0.7755,0.7659,0,0,0,0,0,v1.0.1,2025_12_22,314.2029,323.6812,475.7194,304.3957,296.0199,151.543,146.9603,342.4768,332.3669,490.6187,-6.4461,3.0431,-0.0001,0.0,-0.2183,1.565,-0.2114,1.5619,0.6743,160.6836,157.6191,163.0137,162.498,160.9536,0.6742,0.683,0.6929,0.6667,0.6667,0.6546,0.6247,0.6553,0.6421,0.6247,0.641,0.6433,0.6333,0.6219,0.6194,0.6363,0.6348,0.6176,0.6176,0.6485,0.344,0.6727,0.6759,0.344,0.6699,0.6813,0.6296,0.68,0.6855,0.6755,0.6605,0.6321,0.6296,0,0,0,0,0,v1.0.1,2025_12_22,312.9151,316.3302,438,303.0545,300.0339,185.1441,184.4274,329.8387,326.0354,446.3628,-7.2176,-3.3539,-0.0001,-0.0,-0.2052,1.5724,-0.2042,1.5697,0.6832,172.7256,174.3555,172.126,175.2939,173.6252,0.7625,0.6943,0.7947,0.6567,0.6567,0.7329,0.6486,0.7387,0.6319,0.6319,0.7839,0.7493,0.74,0.6897,0.6897,0.722,0,0.7236,0.6938,0.6938,0,0,0,0,0,v1.0.1,2025_12_22,312.9135,316.2212,438.7699,302.7699,299.8803,184.5128,183.5565,329.9758,326.0862,447.2241,-7.2587,-3.3592,-0.0001,-0.0,-0.206,1.5716,-0.2054,1.5701,0.6826,147.8623,143.7617,142.7803,146.499,145.2258,0.6419,0.586,0.6711,0.5968,0.586,0.6204,0.5446,0.6239,0.546,0.5446,0.6384,0.6249,0.6237,0.6117,0.6117,0.5675,0.5147,0.5909,0.5704,0.5147,0,0,0,0,0,-0.0101,-0.0569,-0.0008,-0.0805,-0.0702,-0.0016,-0.0707,-0.007,-0.0352,-0.0352,-0.0113,-0.0085,-0.0396,-0.0149,-0.1069,-0.0951,-0.058,-0.0605,0.0014,0.0139,-0.0045,-0.0281,-0.0031,-0.0384,-0.012,-0.0031,-0.038,-0.007,-0.0288,-0.033,-0.0135,-0.0057,-0.0236,-0.0146,-0.0404,-0.034,-0.0082,-0.0028,-0.0115,-0.0045,-0.0077,-0.115,-0.0009,-0.1248,-0.1135,0.0059,-0.1317,-0.0179,-0.0936,-0.0936,0.0129,-0.0018,-0.0058,-0.0026,-0.0047,0.0051,-0.0155,-0.101,0.0039,-0.0817,-0.0714,-0.0041,-0.1007,-0.0007,-0.0924,-0.0799,0.0068,0.007,-0.012,0.0193,0.0193,0.0041,-0.0055,True,True
DTC_L_4,LanSi,1,CW_01,A,2026-03-17 15:25:29+08:00,ONLINE,False,,CW_1_01,PASS,,,51.8091155,_2026031715252947502,T20260317152529,DESKTOP-P2DUL42,Loma,1,CW_1_01,2,paul di,2024.0718.155524,V20260126.2,CW_DTCL_DTCR_STC,T20260317152621,51.8091155,True,True,True,True,True,True,True,4S2RND2HBL06DS,v1.0.1,2025_12_22,315.2612,322.1045,475.8478,302.5725,297.6486,150.4527,149.7838,340.8649,333.4328,488.8806,-5.1051,1.475,-0.0001,0.0,-0.2205,1.568,-0.2124,1.5617,0.6742,154.3564,152.1514,150.5723,155.9766,153.2642,0.7997,0.8139,0.8206,0.7685,0.7685,0.7679,0.7411,0.7808,0.7226,0.7226,0.8031,0.7984,0.8075,0.7587,0.736,0.7245,0.726,0.6725,0.6725,0.7999,0.98,0.8202,0.7846,0.7846,0.8294,0.8169,0.7331,0.8427,0.8008,0.7746,0.7416,0.7858,0.7331,0,0,0,0,0,v1.0.1,2025_12_22,315.1765,322.1471,476.9507,302.2676,297.457,149.5099,148.6846,341.1342,333.635,489.8905,-5.1193,1.4899,-0.0001,0.0,-0.2218,1.568,-0.213,1.5607,0.6735,160.6953,157.6992,163.7119,162.2959,161.1006,0.681,0.6889,0.6858,0.6861,0.681,0.6355,0.62,0.6556,0.6365,0.62,0.6395,0.6443,0.6612,0.6377,0.6151,0.6309,0.6093,0.5795,0.5795,0.6578,0.3878,0.6783,0.681,0.3878,0.6573,0.6675,0.6075,0.6804,0.6657,0.6661,0.6425,0.6249,0.6075,0,0,0,0,0,v1.0.1,2025_12_22,313.9533,314.7103,439.2232,301.1786,301.3333,183.2602,185.6891,328.5462,327.0789,445.3333,-6.0444,-4.8943,-0.0001,-0.0,-0.2071,1.5746,-0.2069,1.5701,0.6827,173.6582,175.0791,173.5869,176.0117,174.584,0.7592,0.715,0.7874,0.6627,0.6627,0.7171,0.6329,0.7419,0.6368,0.6329,0.7477,0.7523,0.7596,0.6772,0.6772,0.7012,0,0.7185,0.6432,0.6432,0,0,0,0,0,v1.0.1,2025_12_22,313.9151,314.6698,439.9459,301.0541,301.2437,182.4706,184.9262,328.5574,327.0702,446.1316,-6.0798,-4.9233,-0.0001,-0.0,-0.2071,1.5747,-0.2067,1.5705,0.6829,147.6494,143.7637,143.1211,146.1094,145.1609,0.6389,0.5996,0.6602,0.5973,0.5973,0.6258,0.5579,0.6128,0.564,0.5579,0.6226,0.6153,0.6364,0.6038,0.6038,0.5555,0.4952,0.5759,0.5361,0.4952,0,0,0,0,0,-0.0141,-0.0429,-0.008,-0.0556,-0.0453,0.0007,-0.0687,-0.0152,-0.0395,-0.0395,-0.0086,-0.0098,-0.0141,-0.0048,-0.0904,-0.0947,-0.0686,-0.0657,-0.0028,0.0145,0.0023,-0.0222,-0.0102,-0.019,0.0023,-0.0222,-0.0427,-0.0067,-0.0344,-0.0377,-0.015,-0.0047,0.0043,0.0012,-0.0447,-0.0394,-0.0337,-0.0409,-0.0022,0.0011,-0.011,-0.0943,-0.0082,-0.1188,-0.1075,-0.0099,-0.1474,-0.0147,-0.0887,-0.0926,-0.0233,0.0012,0.0138,-0.0151,-0.0255,0,-0.0185,-0.0874,-0.007,-0.0812,-0.0601,0.0013,-0.0874,-0.0118,-0.0744,-0.0666,-0.009,-0.0026,0.0007,0.0114,0.0114,-0.0079,-0.0205,True,True
DTC_R_4,LanSi,1,CW_01,A,2026-03-17 15:25:29+08:00,ONLINE,False,,CW_1_01,PASS,,,51.6764699,_2026031715252961101,T20260317152529,DESKTOP-P2DUL42,Loma,1,CW_1_01,1,paul di,2024.0718.155524,V20260126.2,CW_DTCL_DTCR_STC,T20260317152621,51.6764699,True,True,True,True,True,True,True,4S2RND2HBL0DP6,v1.0.1,2025_12_22,315.3037,317.0815,475.5401,297.3796,295.4384,148.4452,149.5,337.5867,336.0805,485.3893,-5.1275,-2.3236,-0.0001,-0.0,-0.2218,1.553,-0.2225,1.5475,0.664,155.9961,152.7686,152.5742,155.2266,154.1414,0.8579,0.7658,0.8693,0.7679,0.7658,0.802,0.74,0.8139,0.7507,0.74,0.8308,0.8096,0.7923,0.8072,0.7123,0.7269,0.7513,0.7669,0.7123,0.8252,0.7935,0.8129,0.98,0.7935,0.855,0.766,0.7338,0.8258,0.7567,0.7048,0.841,0.8427,0.7048,0,0,0,0,0,v1.0.1,2025_12_22,315.1418,317.0709,476.708,297.2336,295.1959,147.3716,148.277,337.6824,336.1611,486.349,-5.2032,-2.3585,-0.0001,-0.0,-0.2217,1.5533,-0.2224,1.5467,0.664,163.1699,157.7852,166.5342,165.2959,163.1963,0.7068,0.6618,0.7195,0.663,0.6618,0.6612,0.6349,0.6798,0.6371,0.6349,0.6562,0.6401,0.6385,0.6621,0.6328,0.6245,0.5956,0.638,0.5956,0.6822,0.644,0.6641,0.1119,0.1119,0.6491,0.6312,0.6312,0.6841,0.616,0.6055,0.6345,0.6725,0.6055,0,0,0,0,0,v1.0.1,2025_12_22,317.3784,328.4505,442.1593,313.292,302.7795,196.4882,188.6777,342.6777,332.2456,456.5789,-2.8519,7.9975,-0.0,0.0001,-0.2204,1.5601,-0.2096,1.5548,0.6712,176.4404,175.6123,175.5498,177.1504,176.1882,0.7939,0.6077,0.8041,0.6192,0.6077,0.757,0.6192,0.7631,0.6431,0.6192,0.7544,0.7546,0.745,0.7426,0.7426,0.7349,0.6482,0.7183,0,0.6482,0,0,0,0,0,v1.0.1,2025_12_22,317.3148,328.5,443.0833,313.3241,302.623,195.7623,187.8607,342.9672,332.287,457.4522,-2.8663,8.1012,-0.0,0.0001,-0.2196,1.56,-0.2108,1.5547,0.6711,148.7812,143.6387,145.3174,146.3887,146.0315,0.6554,0.5509,0.6788,0.5494,0.5494,0.6175,0.5434,0.6395,0.552,0.5434,0.6322,0.6404,0.6121,0.634,0.6121,0.5884,0.5382,0.5843,0.3251,0.3251,0,0,0,0,0,-0.0074,-0.1103,0.0043,-0.1056,-0.0992,-0.0161,-0.082,-0.0076,-0.077,-0.0781,0.0102,-0.0026,-0.0126,-0.0043,-0.0915,-0.0908,-0.0274,-0.0576,-0.0264,0.0149,0.004,-0.0564,0.0124,-0.0527,-0.041,-0.015,-0.0557,-0.0024,-0.0418,-0.0413,-0.0018,-0.0119,-0.008,-0.0002,-0.0301,-0.045,-0.0162,-0.0108,-0.0169,-0.0022,-0.0005,-0.2001,0.0002,-0.1922,-0.1867,0.0009,-0.1408,0.0001,-0.1326,-0.1369,-0.0159,-0.0081,0.0041,0.0147,-0.0115,-0.0146,-0.0087,-0.1137,0.0071,-0.1228,-0.1147,-0.0248,-0.1084,-0.0082,-0.0928,-0.0989,-0.0073,-0.0084,-0.0146,0.0074,-0.0145,-0.0036,0.0129,True,True
DTC_L_5,LanSi,1,CW_01,B,2026-03-17 15:27:27+08:00,ONLINE,False,,CW_1_01,PASS,,,51.8586603,_2026031715272717802,T20260317152727,DESKTOP-P2DUL42,Loma,1,CW_1_01,2,paul di,2024.0718.155524,V20260126.2,CW_DTCL_DTCR_STC,T20260317152819,51.8586603,True,True,True,True,True,True,True,4S2RND2HBL06DS,v1.0.1,2025_12_22,314.1985,323.8235,474.2132,304.5588,295.9867,152.5733,147.9392,342.2703,332.0647,489.9353,-6.6195,3.1322,-0.0001,0.0,-0.2193,1.5643,-0.21,1.5631,0.6745,153.3594,151.4932,149.6553,154.7734,152.3203,0.8094,0.8062,0.835,0.7818,0.7818,0.7676,0.7335,0.7856,0.7244,0.7244,0.8094,0.8038,0.805,0.7713,0.7468,0.7008,0.7471,0.6959,0.6959,0.7979,0.98,0.8304,0.8304,0.7979,0.8347,0.8022,0.7702,0.8366,0.8338,0.8199,0.7686,0.7761,0.7686,0,0,0,0,0,v1.0.1,2025_12_22,314.1533,323.8102,475.227,304.4539,295.9732,151.5369,146.7273,342.3701,332.2536,491.029,-6.6331,3.14,-0.0001,0.0,-0.2191,1.5651,-0.2099,1.5625,0.6747,160.9238,157.1787,163.4004,162.6699,161.0432,0.6651,0.6858,0.6896,0.6974,0.6651,0.6498,0.614,0.6491,0.6407,0.614,0.6436,0.6355,0.6521,0.6288,0.6263,0.6199,0.6327,0.6091,0.6091,0.6592,0.3438,0.6856,0.6812,0.3438,0.6666,0.6402,0.6464,0.6739,0.6561,0.6843,0.6533,0.634,0.634,0,0,0,0,0,v1.0.1,2025_12_22,312.8972,316.3832,437.5556,302.963,299.8115,185.3934,184.2893,329.7273,325.9391,446.6435,-7.4015,-3.2779,-0.0001,-0.0,-0.2067,1.5707,-0.2029,1.5705,0.6829,172.6523,174.3877,172.4043,174.7607,173.5513,0.7555,0.6899,0.7983,0.6687,0.6687,0.7269,0.6358,0.7518,0.6371,0.6358,0.7686,0.7576,0.7402,0.6875,0.6875,0.7187,0,0.7283,0.7189,0.7187,0,0,0,0,0,v1.0.1,2025_12_22,312.9048,316.2762,438.4609,302.7739,299.7542,184.5847,183.3802,329.7603,326.0085,447.2906,-7.3983,-3.3628,-0.0001,-0.0,-0.2066,1.5708,-0.2032,1.5706,0.6829,148.3154,143.5117,143.2891,146.5625,145.4197,0.6505,0.5889,0.6602,0.599,0.5889,0.6212,0.5492,0.6253,0.5608,0.5492,0.6338,0.6191,0.6166,0.6165,0.6165,0.5654,0.4952,0.5886,0.572,0.4952,0,0,0,0,0,-0.0044,-0.0506,0.0064,-0.0423,-0.032,0.0004,-0.0763,-0.0104,-0.0377,-0.0377,-0.0023,-0.0044,-0.0166,0.0078,-0.0796,-0.1184,-0.0475,-0.0423,-0.0048,0.0247,-0.0136,-0.0253,-0.0064,-0.0077,-0.0136,-0.0079,-0.0487,-0.0132,-0.0302,-0.0437,-0.0109,-0.0135,-0.0048,-0.0077,-0.0335,-0.0504,-0.0103,-0.0113,-0.0008,0.0084,-0.0147,-0.1194,0.0027,-0.1128,-0.1015,-0.0001,-0.1445,-0.0048,-0.0884,-0.0897,-0.0024,0.0065,-0.0056,-0.0048,-0.008,0.0098,-0.0069,-0.0981,-0.007,-0.0795,-0.0685,-0.0033,-0.0961,0.0007,-0.0776,-0.0753,0.0022,0.0012,-0.0191,0.0241,0.0241,0.002,-0.0078,True,True
DTC_R_5,LanSi,1,CW_01,B,2026-03-17 15:27:27+08:00,ONLINE,False,,CW_1_01,FAIL,SFR_VIS_25cm_Ny4_01F_ROI2_Dev;SFR_VIS_25cm_Ny4_01F_Min_Dev,Dev,51.787849,_2026031715272723201,T20260317152727,DESKTOP-P2DUL42,Loma,1,CW_1_01,1,paul di,2024.0718.155524,V20260126.2,CW_DTCL_DTCR_STC,T20260317152819,51.787849,True,True,True,True,True,True,True,4S2RND2HBL0DP6,v1.0.1,2025_12_22,315.0217,316.0435,475.3333,296.1556,295.1034,147.8138,149.2177,336.2109,335.9589,485.1164,-5.373,-3.232,-0.0001,-0.0,-0.2229,1.5524,-0.2205,1.5471,0.664,156.5381,153.1475,153.1318,156.2012,154.7546,0.8693,0.742,0.8581,0.7893,0.742,0.82,0.7186,0.8089,0.7765,0.7186,0.8203,0.8184,0.7786,0.8163,0.7003,0.6835,0.7745,0.7908,0.6835,0.8281,0.8088,0.7996,0.4703,0.4703,0.8499,0.7713,0.7504,0.8375,0.7691,0.6756,0.8398,0.8438,0.6756,0,0,0,0,0,v1.0.1,2025_12_22,315.0217,316.0435,476.3556,296,295.0616,146.7945,148.0753,336.2808,336.0408,486.2585,-5.389,-3.2245,-0.0001,-0.0,-0.2231,1.5529,-0.2201,1.5474,0.6643,163.0586,156.1318,164.8643,165.9277,162.4956,0.7007,0.6429,0.7048,0.6741,0.6429,0.6752,0.6221,0.6594,0.6581,0.6221,0.6543,0.6511,0.6263,0.653,0.6172,0.6168,0.6087,0.6352,0.6087,0.6689,0.6522,0.6804,0.1388,0.1388,0.6525,0.6326,0.6462,0.6736,0.6243,0.5868,0.6464,0.6846,0.5868,0,0,0,0,0,v1.0.1,2025_12_22,317.1028,327.3832,441.9636,312.1545,302.4921,195.8492,188.5583,341.5833,331.9561,456.2368,-3.0854,7.1414,-0.0,0.0001,-0.2208,1.5597,-0.2095,1.5555,0.6712,177.0732,175.7764,176.4209,178.4209,176.9229,0.8032,0.598,0.8031,0.6505,0.598,0.7653,0.592,0.7581,0.6771,0.592,0.7681,0.7704,0.7376,0.7402,0.7376,0.7416,0.6539,0.7313,0,0.6539,0,0,0,0,0,v1.0.1,2025_12_22,317.0673,327.4231,442.5877,312.2456,302.392,194.944,187.6116,341.7025,332,457.1026,-3.1683,7.1835,-0.0,0.0001,-0.2198,1.56,-0.2093,1.5556,0.6716,148.5332,141.8584,143.9492,146.6914,145.2581,0.6574,0.5397,0.6664,0.5757,0.5397,0.6358,0.5344,0.6472,0.5863,0.5344,0.6385,0.6445,0.6303,0.6185,0.6185,0.5858,0.5278,0.5929,0.2709,0.2709,0,0,0,0,0,0.004,-0.1341,-0.0069,-0.0842,-0.123,0.0019,-0.1034,-0.0126,-0.0512,-0.0995,-0.0003,0.0062,-0.0263,0.0048,-0.1035,-0.1342,-0.0042,-0.0337,-0.0235,0.0016,-0.0021,-0.0753,-0.0023,-0.0416,-0.0599,-0.001,-0.0685,-0.0228,-0.0208,-0.0541,-0.0037,-0.0009,-0.0202,-0.0093,-0.0457,-0.0527,-0.0031,-0.0136,-0.0302,0.0141,0.0088,-0.2098,-0.0008,-0.1609,-0.1964,0.0092,-0.168,-0.0049,-0.0986,-0.1641,-0.0022,0.0077,-0.0033,0.0123,-0.0048,-0.0016,-0.0067,-0.1249,-0.0053,-0.0965,-0.1244,-0.0065,-0.1174,-0.0005,-0.0585,-0.1079,-0.001,-0.0043,0.0036,-0.0081,-0.0081,-0.0062,0.0215,True,True
DTC_R_6,LanSi,1,CW_01,C,2026-03-17 15:33:12+08:00,ONLINE,False,,CW_1_01,PASS,,,51.3053603,_2026031715331250501,T20260317153312,DESKTOP-P2DUL42,Loma,1,CW_1_01,1,paul di,2024.0718.155524,V20260126.2,CW_DTCL_DTCR_STC,T20260317153403,51.3053603,True,True,True,True,True,True,True,4S2RND2HBL0DP6,v1.0.1,2025_12_22,315,316.0863,474.7574,295.9118,295.0616,146.7945,149.2933,336.5,335.4748,483.7842,-5.5826,-3.6846,-0.0001,-0.0,-0.2251,1.553,-0.2221,1.5488,0.6637,156.7402,153.3467,153.2705,156.333,154.9226,0.8576,0.8114,0.8677,0.8155,0.8114,0.8218,0.7311,0.8153,0.7568,0.7311,0.82,0.8146,0.8031,0.8142,0.7468,0.7226,0.7169,0.6858,0.6858,0.8496,0.7962,0.8104,0.98,0.7962,0.8378,0.7766,0.7865,0.8302,0.7782,0.7487,0.7169,0.8359,0.7169,0,0,0,0,0,v1.0.1,2025_12_22,315,316.0863,475.8043,295.8333,294.9799,145.7651,148.0805,336.604,335.7357,484.7929,-5.5799,-3.6837,-0.0001,-0.0,-0.2248,1.5533,-0.2218,1.548,0.6637,162.7979,157.0459,165.4922,164.876,162.553,0.7026,0.6973,0.7155,0.6869,0.6869,0.6752,0.6343,0.6757,0.6367,0.6343,0.6561,0.6556,0.6394,0.6704,0.6319,0.617,0.5795,0.6011,0.5795,0.6862,0.6484,0.6569,0.2847,0.2847,0.6478,0.6536,0.6573,0.678,0.6186,0.6513,0.6248,0.6746,0.6186,0,0,0,0,0,v1.0.1,2025_12_22,317,327.5,441.4159,312.2389,302.3468,194.9274,188.4113,341.9032,331.5965,455.6316,-3.3459,6.9402,-0.0,0.0001,-0.2215,1.5602,-0.211,1.5569,0.6711,177.1006,176.3633,176.0439,178.1514,176.9148,0.7966,0.6863,0.8153,0.6899,0.6863,0.7499,0.6272,0.7768,0.6335,0.6272,0.7457,0.7661,0.7339,0.7329,0.7329,0.7464,0.6728,0.7127,0,0.6728,0,0,0,0,0,v1.0.1,2025_12_22,316.9813,327.5514,442.3241,312.0833,302.304,194.184,187.5738,342.1639,331.713,456.5478,-3.3208,7.0061,-0.0,0.0001,-0.2223,1.5607,-0.2119,1.5566,0.6708,148.2871,142.9268,144.5342,146.0195,145.4419,0.6604,0.5917,0.6776,0.5984,0.5917,0.6252,0.5689,0.6401,0.559,0.559,0.6386,0.6324,0.6108,0.6181,0.6108,0.5929,0.5452,0.5771,0.44,0.44,0,0,0,0,0,-0.0077,-0.0647,0.0027,-0.058,-0.0536,0.0037,-0.0909,-0.0062,-0.0709,-0.087,-0.0006,0.0024,-0.0018,0.0027,-0.057,-0.0951,-0.0618,-0.1387,-0.002,0.0124,-0.0002,-0.0209,0.0084,-0.0288,-0.0159,-0.001,-0.0563,-0.0065,-0.0422,-0.0419,-0.0019,0.0036,-0.0071,0.0081,-0.031,-0.0525,-0.0323,-0.0477,-0.0129,-0.0094,0.0022,-0.1215,0.0114,-0.1215,-0.1081,-0.0062,-0.1328,0.0138,-0.1422,-0.1289,-0.0246,0.0034,-0.007,0.005,0,-0.0202,-0.0037,-0.0729,0.0059,-0.0738,-0.0724,-0.0171,-0.0829,-0.0076,-0.0858,-0.0833,-0.0009,-0.0164,-0.0159,-0.0085,-0.0158,0.0009,0.0057,True,True
DTC_L_6,LanSi,1,CW_01,C,2026-03-17 15:33:12+08:00,ONLINE,False,,CW_1_01,PASS,,,51.4459846,_2026031715331236202,T20260317153312,DESKTOP-P2DUL42,Loma,1,CW_1_01,2,paul di,2024.0718.155524,V20260126.2,CW_DTCL_DTCR_STC,T20260317153403,51.4459846,True,True,True,True,True,True,True,4S2RND2HBL06DS,v1.0.1,2025_12_22,313.8478,323.4275,474.0657,304.1533,295.7651,151.5973,147.4641,342.1961,331.7606,490.5,-6.9194,2.8748,-0.0001,0.0,-0.2192,1.5654,-0.2118,1.5635,0.6745,153.9736,152.3887,150.3252,155.957,153.1611,0.8061,0.7995,0.8364,0.7711,0.7711,0.7741,0.7604,0.7887,0.75,0.75,0.8109,0.8092,0.8123,0.77,0.7423,0.7167,0.7637,0.7094,0.7094,0.806,0.98,0.8156,0.8197,0.806,0.8257,0.8178,0.762,0.8372,0.8297,0.8318,0.8035,0.7711,0.762,0,0,0,0,0,v1.0.1,2025_12_22,313.8,323.4143,475.1439,304.0647,295.6732,150.719,146.4276,342.3618,331.8214,491.5714,-6.9268,2.9263,-0.0001,0.0,-0.2188,1.5657,-0.2122,1.5635,0.6745,160.5088,157.6943,163.6055,162.3096,161.0295,0.6702,0.6807,0.7058,0.6977,0.6702,0.6445,0.6233,0.6585,0.6519,0.6233,0.6524,0.636,0.657,0.6419,0.6183,0.6213,0.6497,0.6205,0.6183,0.6665,0.3362,0.6713,0.6853,0.3362,0.6586,0.6799,0.6428,0.6836,0.6342,0.6854,0.668,0.6453,0.6342,0,0,0,0,0,v1.0.1,2025_12_22,312.4466,315.9903,437.5478,302.6174,299.5798,184.5042,183.7642,329.6423,325.5294,446.6555,-7.7264,-3.6181,-0.0001,-0.0,-0.206,1.5727,-0.2052,1.5705,0.683,173.6191,175.375,173.2295,175.8633,174.5217,0.7703,0.6929,0.7961,0.661,0.661,0.7349,0.6515,0.7498,0.646,0.646,0.7697,0.7603,0.7614,0.6877,0.6877,0.698,0,0.7158,0.7323,0.698,0,0,0,0,0,v1.0.1,2025_12_22,312.3905,315.9333,438.3826,302.5478,299.4876,183.8099,182.9512,329.6585,325.5508,447.5763,-7.7474,-3.5948,-0.0001,-0.0,-0.2053,1.5729,-0.2051,1.5706,0.6833,147.8623,143.7002,143.3369,145.7646,145.166,0.6484,0.5971,0.6762,0.6036,0.5971,0.6272,0.5493,0.6246,0.583,0.5493,0.6271,0.6205,0.6294,0.6016,0.6016,0.5756,0.5221,0.5721,0.5753,0.5221,0,0,0,0,0,-0.0077,-0.0573,0.0078,-0.053,-0.0427,0.0069,-0.0494,-0.0073,-0.0121,-0.0121,-0.0008,0.001,-0.0093,0.0065,-0.0841,-0.1025,-0.0309,-0.0288,0.0033,0.0099,-0.0085,-0.0304,0.0098,-0.0074,-0.0085,-0.0132,-0.0394,-0.0038,-0.019,-0.0344,-0.0021,-0.013,0.0001,0.0054,-0.0415,-0.049,0.0067,0.0001,0.0065,-0.0059,0.0001,-0.1164,0.0005,-0.1205,-0.1092,0.0079,-0.1288,-0.0068,-0.0795,-0.0795,-0.0013,0.0092,0.0156,-0.0046,-0.0287,-0.0027,-0.009,-0.0899,0.009,-0.0749,-0.0603,0.0027,-0.096,0,-0.0554,-0.0752,-0.0045,0.0026,-0.0063,0.0092,0.0092,0.0122,-0.0243,True,True
DTC_L_7,LanSi,1,CW_01,A,2026-03-17 15:35:05+08:00,ONLINE,False,,CW_1_01,PASS,,,51.6343568,_2026031715350579602,T20260317153505,DESKTOP-P2DUL42,Loma,1,CW_1_01,2,paul di,2024.0718.155524,V20260126.2,CW_DTCL_DTCR_STC,T20260317153557,51.6343568,True,True,True,True,True,True,True,4S2RND2HBL06DS,v1.0.1,2025_12_22,314.0584,323.927,474.7185,304.8444,296.1544,153.2617,148.245,342.3907,332.1583,489.7122,-6.4331,3.3272,-0.0001,0.0,-0.2177,1.5658,-0.2104,1.5615,0.6748,153.6572,151.7305,149.7354,154.6719,152.4487,0.8144,0.7808,0.8392,0.7584,0.7584,0.7753,0.756,0.7919,0.7437,0.7437,0.8145,0.796,0.8164,0.7673,0.7488,0.7168,0.7566,0.6906,0.6906,0.7945,0.98,0.8267,0.8107,0.7945,0.8427,0.7433,0.7491,0.8595,0.83,0.8292,0.7708,0.78,0.7433,0,0,0,0,0,v1.0.1,2025_12_22,314.0429,323.8929,475.8309,304.7647,295.9932,152.1959,147.094,342.5235,332.305,490.6738,-6.4468,3.3102,-0.0001,0.0,-0.2172,1.5655,-0.2106,1.5612,0.6747,161.7959,158.4092,164.1006,163.4873,161.9482,0.671,0.6698,0.6995,0.682,0.6698,0.6458,0.6278,0.6625,0.6417,0.6278,0.6464,0.6348,0.6557,0.6437,0.6277,0.6263,0.6343,0.6211,0.6211,0.6558,0.3849,0.6789,0.6753,0.3849,0.6605,0.6474,0.6231,0.6799,0.6527,0.697,0.6659,0.6354,0.6231,0,0,0,0,0,v1.0.1,2025_12_22,312.8491,316.4057,438,303.3148,299.9661,185.8559,184.4876,330.2149,325.9561,446.2368,-7.2482,-3.0944,-0.0001,-0.0,-0.2037,1.5719,-0.2067,1.5697,0.6828,172.8027,174.6953,172.4287,174.7979,173.6812,0.78,0.666,0.8038,0.6526,0.6526,0.7375,0.6489,0.7498,0.6341,0.6341,0.771,0.7494,0.7566,0.6829,0.6829,0.729,0,0.7329,0.7188,0.7188,0,0,0,0,0,v1.0.1,2025_12_22,312.8491,316.4057,438.9107,303.1607,299.8718,185.0256,183.5772,330.2114,326,447.1026,-7.2582,-3.1188,-0.0001,-0.0,-0.2042,1.5718,-0.2059,1.57,0.6829,148.707,144.29,143.1934,147.002,145.7981,0.6451,0.5768,0.681,0.5868,0.5768,0.6358,0.5593,0.6287,0.5666,0.5593,0.6296,0.6109,0.635,0.5991,0.5991,0.5697,0.5047,0.5814,0.5824,0.5047,0,0,0,0,0,0.0006,-0.076,0.0106,-0.0657,-0.0554,0.0081,-0.0538,-0.0041,-0.0184,-0.0184,0.0028,-0.0122,-0.0052,0.0038,-0.0776,-0.1024,-0.038,-0.0476,-0.0082,0.021,-0.0077,-0.0413,0.0035,-0.0231,-0.0089,-0.0119,-0.0349,0.0002,-0.0292,-0.0299,-0.0081,-0.0142,-0.0012,0.0072,-0.0321,-0.044,-0.0087,0.0007,-0.0042,0.0017,0.0098,-0.1433,0.0082,-0.1289,-0.1176,0.0105,-0.1314,-0.0068,-0.0914,-0.0914,0,-0.0017,0.0108,-0.0094,0.0023,0.0144,-0.0123,-0.1102,0.0138,-0.0917,-0.0806,0.0113,-0.086,0.0041,-0.0718,-0.0652,-0.002,-0.007,-0.0007,0.0067,0.0067,0.0063,-0.015,True,True
DTC_R_7,LanSi,1,CW_01,A,2026-03-17 15:35:05+08:00,ONLINE,False,,CW_1_01,PASS,,,51.4717919,_2026031715350595601,T20260317153505,DESKTOP-P2DUL42,Loma,1,CW_1_01,1,paul di,2024.0718.155524,V20260126.2,CW_DTCL_DTCR_STC,T20260317153557,51.4717919,True,True,True,True,True,True,True,4S2RND2HBL0DP6,v1.0.1,2025_12_22,315.0217,315.9565,475.3235,296.0368,295.2014,147.7153,149,336,336,484.5,-5.3907,-3.4583,-0.0001,-0.0,-0.2231,1.553,-0.2196,1.5464,0.6642,155.9453,153.1074,153.3223,155.7422,154.5293,0.8534,0.7631,0.859,0.7712,0.7631,0.8141,0.7272,0.8139,0.7753,0.7272,0.8225,0.8211,0.7961,0.8135,0.7068,0.7006,0.7813,0.7744,0.7006,0.8384,0.7986,0.7998,0.98,0.7986,0.8545,0.7452,0.7429,0.841,0.7514,0.7575,0.8326,0.8483,0.7429,0,0,0,0,0,v1.0.1,2025_12_22,315,315.9137,476.3556,296,295,146.604,148,336,336.0199,485.543,-5.4249,-3.4879,-0.0001,-0.0,-0.2223,1.5527,-0.2192,1.547,0.6646,162.3955,156.833,165.4844,164.9775,162.4226,0.7013,0.6448,0.7005,0.6547,0.6448,0.6762,0.6189,0.6583,0.6486,0.6189,0.6444,0.6579,0.6535,0.6461,0.6101,0.6087,0.5976,0.6306,0.5976,0.6698,0.6601,0.6703,0.3459,0.3459,0.6588,0.6386,0.6445,0.6793,0.6203,0.6325,0.6505,0.663,0.6203,0,0,0,0,0,v1.0.1,2025_12_22,317.1154,327.1154,442,312,302.4206,195.4444,188.4833,341.4167,331.9375,455.5893,-3.1086,6.8132,-0.0,0.0001,-0.2199,1.5591,-0.2102,1.5554,0.6711,176.2559,175.5908,176.126,177.1621,176.2837,0.7907,0.5897,0.8145,0.6365,0.5897,0.7665,0.6048,0.7685,0.6594,0.6048,0.7681,0.766,0.7526,0.7351,0.7351,0.7468,0.6522,0.7262,0,0.6522,0,0,0,0,0,v1.0.1,2025_12_22,317.0377,327.2358,442.7156,311.9541,302.3468,194.9274,187.521,341.4538,332,456.5,-3.1758,6.9142,-0.0,0.0001,-0.2205,1.5597,-0.2088,1.555,0.6714,148.1279,142.6309,144.3496,146.0635,145.293,0.6688,0.5377,0.6682,0.5547,0.5377,0.6443,0.54,0.6272,0.5742,0.54,0.633,0.6406,0.6239,0.6225,0.6225,0.5856,0.5167,0.5703,0.4707,0.4707,0,0,0,0,0,-0.0119,-0.113,-0.006,-0.1023,-0.1019,-0.004,-0.0948,-0.0076,-0.0524,-0.0909,0.0019,0.0089,-0.0088,0.002,-0.097,-0.1171,0.0026,-0.0501,-0.0132,0.0018,-0.0015,-0.0734,-0.0066,-0.061,-0.058,0,-0.0717,-0.0239,-0.0303,-0.0573,-0.0136,0.0059,0.007,-0.0162,-0.0528,-0.0608,-0.0142,-0.0182,-0.0293,0.004,-0.0037,-0.2181,0.0106,-0.1749,-0.2047,0.0104,-0.1552,0.0055,-0.1163,-0.1513,-0.0022,0.0033,0.0117,0.0072,0.0004,-0.0067,0.0047,-0.1269,-0.0035,-0.1175,-0.1264,0.002,-0.1118,-0.0205,-0.0706,-0.1023,-0.0065,-0.0082,-0.0028,-0.0041,-0.0041,-0.0064,-0.0011,True,True
DTC_R_8,LanSi,1,CW_01,B,2026-03-17 15:37:23+08:00,ONLINE,False,,CW_1_01,PASS,,,51.8943703,_2026031715372375801,T20260317153723,DESKTOP-P2DUL42,Loma,1,CW_1_01,1,paul di,2024.0718.155524,V20260126.2,CW_DTCL_DTCR_STC,T20260317153815,51.8943703,True,True,True,True,True,True,True,4S2RND2HBL0DP6,v1.0.1,2025_12_22,315.0438,316.4818,474.7313,296.1418,295.0616,146.7945,149.2886,336.953,335.65,484.1857,-5.5449,-3.3886,-0.0001,-0.0,-0.2262,1.5531,-0.2224,1.548,0.6631,156.71,154.2129,153.8027,156.2686,155.2485,0.8496,0.817,0.8668,0.8111,0.8111,0.819,0.7725,0.826,0.7672,0.7672,0.8174,0.8202,0.7997,0.8016,0.7501,0.7568,0.667,0.6928,0.667,0.852,0.7966,0.816,0.7385,0.7385,0.8452,0.7616,0.7783,0.8252,0.7903,0.7054,0.7609,0.8419,0.7054,0,0,0,0,0,v1.0.1,2025_12_22,314.9645,316.3759,475.7914,296.0432,294.9262,145.698,148.0068,337.0952,335.7801,485.1206,-5.6062,-3.4334,-0.0001,-0.0,-0.2252,1.5534,-0.223,1.5475,0.6632,163.1875,156.8535,165.3818,165.4707,162.7234,0.7037,0.6844,0.7015,0.6881,0.6844,0.6824,0.6497,0.6678,0.6589,0.6497,0.6614,0.6443,0.6449,0.6574,0.628,0.6455,0.5638,0.6144,0.5638,0.684,0.659,0.6701,0.5516,0.5516,0.6478,0.6544,0.6506,0.6759,0.6304,0.6297,0.6449,0.6813,0.6297,0,0,0,0,0,v1.0.1,2025_12_22,317.1604,327.8585,441.4298,312.5702,302.4803,195.0472,188.5372,342.4628,331.9107,456.2321,-3.1963,7.3342,-0.0,0.0001,-0.2219,1.5602,-0.2125,1.5559,0.6704,176.8594,177.0186,176.917,178.0186,177.2034,0.7881,0.6907,0.8112,0.685,0.685,0.7534,0.6323,0.7622,0.6552,0.6323,0.7508,0.7513,0.7464,0.7275,0.7275,0.7578,0.658,0.7277,0,0.658,0,0,0,0,0,v1.0.1,2025_12_22,317.1226,327.9528,442.3621,312.5,302.3468,194.2097,187.5902,342.5328,331.9091,457.1636,-3.2339,7.3718,-0.0,0.0001,-0.2222,1.5602,-0.2116,1.5563,0.6707,148.7686,142.8906,144.5938,146.9521,145.8013,0.6499,0.6079,0.6781,0.5943,0.5943,0.6337,0.555,0.6413,0.5668,0.555,0.6222,0.635,0.6099,0.6127,0.6099,0.608,0.5391,0.587,0.5612,0.5391,0,0,0,0,0,-0.0157,-0.0591,0.0018,-0.0624,-0.0539,0.0009,-0.0495,0.0045,-0.0605,-0.0509,-0.0032,0.008,-0.0052,-0.0099,-0.0537,-0.0609,-0.1117,-0.1317,0.0004,0.018,0.0009,-0.0338,-0.0056,-0.0276,-0.0184,0.0062,-0.0409,-0.0144,-0.02,-0.0265,0.0034,-0.0077,-0.0016,-0.0049,-0.0349,-0.024,-0.048,-0.0344,-0.0151,0.0038,-0.0063,-0.1171,0.0073,-0.1264,-0.1094,-0.0027,-0.1277,-0.0008,-0.1205,-0.1238,-0.0195,-0.0114,0.0055,-0.0004,0.0114,-0.0052,-0.0142,-0.0567,0.0064,-0.0779,-0.0698,-0.0086,-0.0968,-0.0064,-0.078,-0.0873,-0.0173,-0.0138,-0.0168,-0.0139,-0.0167,0.016,0.0156,True,True
DTC_L_8,LanSi,1,CW_01,B,2026-03-17 15:37:23+08:00,ONLINE,False,,CW_1_01,PASS,,,51.8095969,_2026031715372382602,T20260317153723,DESKTOP-P2DUL42,Loma,1,CW_1_01,2,paul di,2024.0718.155524,V20260126.2,CW_DTCL_DTCR_STC,T20260317153815,51.8095969,True,True,True,True,True,True,True,4S2RND2HBL06DS,v1.0.1,2025_12_22,315.2,321.5857,475.8309,301.7647,297.5294,149.5359,149.7755,340.1361,333.3037,487.9185,-5.1721,0.6882,-0.0001,0.0,-0.2223,1.5679,-0.2112,1.5619,0.6741,153.8457,152.6797,150.2959,155.9297,153.1877,0.8198,0.8038,0.8353,0.7751,0.7751,0.769,0.7398,0.7929,0.718,0.718,0.8198,0.7866,0.8065,0.7514,0.7168,0.7168,0.7419,0.6983,0.6983,0.8184,0.98,0.809,0.7789,0.7789,0.8409,0.8431,0.7493,0.8292,0.8072,0.7729,0.7738,0.7774,0.7493,0,0,0,0,0,v1.0.1,2025_12_22,315.2086,321.6331,476.8986,301.7319,297.4286,148.5455,148.5,340.4133,333.5,488.9254,-5.1928,0.7498,-0.0001,0.0,-0.222,1.5679,-0.2117,1.5614,0.6739,159.5361,157.7549,163.0859,161.9561,160.5833,0.6778,0.6919,0.6862,0.6884,0.6778,0.6621,0.6161,0.6617,0.6389,0.6161,0.6555,0.6448,0.664,0.6333,0.5988,0.6268,0.6351,0.6255,0.5988,0.6614,0.3331,0.6804,0.662,0.3331,0.6481,0.6637,0.6247,0.6807,0.6724,0.6638,0.6709,0.644,0.6247,0,0,0,0,0,v1.0.1,2025_12_22,313.9048,314.2762,439.2719,300.4561,301.2397,182.8843,185.6748,327.7805,327.0957,444.5304,-6.0626,-5.5145,-0.0001,-0.0001,-0.2093,1.5742,-0.2044,1.5694,0.6825,173.2783,175.5283,173.5342,176.2334,174.6436,0.7761,0.6998,0.7908,0.6658,0.6658,0.7335,0.6322,0.7505,0.6349,0.6322,0.7716,0.7533,0.7596,0.6696,0.6696,0.7248,0,0.7149,0.6513,0.6513,0,0,0,0,0,v1.0.1,2025_12_22,313.9434,314.2358,440.0446,300.375,301.1488,182.0992,184.85,327.8917,327.1966,445.4103,-6.0633,-5.4976,-0.0001,-0.0001,-0.209,1.5738,-0.2049,1.5696,0.6824,146.9727,144.0068,142.7773,145.875,144.908,0.655,0.5919,0.668,0.5921,0.5919,0.6305,0.5347,0.6263,0.5746,0.5347,0.6238,0.6102,0.6323,0.6094,0.6094,0.5801,0.5117,0.5864,0.5375,0.5117,0,0,0,0,0,0.006,-0.053,0.0067,-0.049,-0.0387,0.0018,-0.07,-0.0031,-0.0441,-0.0441,0.0081,-0.0216,-0.0151,-0.0121,-0.1096,-0.1024,-0.0527,-0.0399,0.0157,0.0033,-0.0009,-0.0192,-0.0098,-0.0167,-0.0009,0.0044,-0.0466,-0.0006,-0.032,-0.0416,0.001,-0.0042,0.0071,-0.0032,-0.061,-0.0435,-0.0079,0.0051,0.0014,0.0032,0.0059,-0.1095,-0.0048,-0.1157,-0.1044,0.0065,-0.1481,-0.0061,-0.0906,-0.0933,0.0006,0.0022,0.0138,-0.0227,-0.0019,-0.0036,-0.0024,-0.0951,0.0008,-0.0864,-0.0655,0.006,-0.1106,0.0017,-0.0638,-0.0898,-0.0078,-0.0077,-0.0034,0.017,0.017,0.0167,-0.01,True,True
DTC_R_9,LanSi,1,CW_01,C,2026-03-17 15:39:12+08:00,ONLINE,False,,CW_1_01,FAIL,SFR_VIS_25cm_Ny4_01F_ROI2_Dev;SFR_VIS_25cm_Ny4_01F_ROI4_Dev,Dev,51.465872,_2026031715391286901,T20260317153912,DESKTOP-P2DUL42,Loma,1,CW_1_01,1,paul di,2024.0718.155524,V20260126.2,CW_DTCL_DTCR_STC,T20260317154004,51.465872,True,True,True,True,True,True,True,4S2RND2HBL0DP6,v1.0.1,2025_12_22,315.2132,317.4412,475.5833,297.8712,295.4236,148.8056,149.42,337.88,336.0822,484.8562,-5.1555,-2.1292,-0.0001,-0.0,-0.2209,1.5535,-0.2221,1.5463,0.6642,155.4941,152.8398,152.8281,155.4414,154.1509,0.8617,0.7545,0.8735,0.7488,0.7488,0.8108,0.7355,0.8049,0.7599,0.7355,0.8222,0.8152,0.8,0.803,0.7085,0.7114,0.7154,0.703,0.703,0.8378,0.7887,0.8032,0.2079,0.2079,0.8504,0.7538,0.7491,0.8288,0.7293,0.6856,0.8375,0.836,0.6856,0,0,0,0,0,v1.0.1,2025_12_22,315.2086,317.3669,476.6786,297.6071,295.1724,147.7517,148.2483,337.9586,336.1216,485.8716,-5.2141,-2.1888,-0.0001,-0.0,-0.2213,1.5527,-0.2222,1.5468,0.664,161.8105,157.0938,165.7197,164.6621,162.3215,0.7059,0.6381,0.7091,0.653,0.6381,0.6816,0.6269,0.6672,0.6544,0.6269,0.6535,0.6445,0.6424,0.6719,0.6163,0.6348,0.5914,0.5991,0.5914,0.6758,0.6473,0.6819,0.2531,0.2531,0.642,0.6407,0.6376,0.6793,0.6108,0.5712,0.6476,0.6691,0.5712,0,0,0,0,0,v1.0.1,2025_12_22,317.3818,328.5818,442.2035,313.5575,302.6098,196.813,188.6423,343.0407,332.115,456.3717,-2.9095,8.1729,-0.0,0.0001,-0.2193,1.5586,-0.2113,1.5555,0.6709,175.9209,175.4688,176.084,176.9795,176.1133,0.801,0.6075,0.8003,0.5721,0.5721,0.7613,0.6031,0.7588,0.6458,0.6031,0.7584,0.7594,0.7447,0.7375,0.7375,0.7542,0.6611,0.7244,0,0.6611,0,0,0,0,0,v1.0.1,2025_12_22,317.2991,328.729,442.9358,313.6239,302.5635,196.0714,187.7667,343.2833,332.2174,457.113,-2.9435,8.2641,-0.0,0.0001,-0.2191,1.5597,-0.2114,1.5546,0.6709,147.6816,142.6924,144.6943,145.7793,145.2119,0.6525,0.5447,0.6724,0.5202,0.5202,0.631,0.5402,0.6331,0.5712,0.5402,0.62,0.6243,0.6223,0.6376,0.62,0.5867,0.552,0.5708,0.4329,0.4329,0,0,0,0,0,-0.0036,-0.1216,0.0085,-0.1247,-0.1162,-0.0073,-0.0865,-0.0166,-0.0678,-0.0826,0.0016,0.003,-0.0049,-0.0085,-0.0953,-0.1063,-0.0633,-0.1215,-0.0138,0.0052,0.0031,-0.0801,0.002,-0.0627,-0.0647,0.0054,-0.0637,-0.015,-0.0245,-0.0493,-0.0045,-0.0075,-0.0041,0.0096,-0.0466,-0.0347,-0.0204,-0.0497,-0.0233,0.0156,0.0066,-0.2003,-0.0036,-0.2393,-0.2223,0.0052,-0.1569,-0.0042,-0.1299,-0.153,-0.0119,-0.0033,0.0038,0.0096,0.0078,-0.0085,-0.0116,-0.1199,0.0007,-0.152,-0.1439,-0.0113,-0.1116,-0.0146,-0.0736,-0.1021,-0.0195,-0.0245,-0.0044,0.011,-0.0066,-0.0053,-0.0006,True,True
DTC_L_9,LanSi,1,CW_01,C,2026-03-17 15:39:13+08:00,ONLINE,False,,CW_1_01,FAIL,SFR_VIS_25cm_Ny4_06F_ROI14;SFR_VIS_25cm_Ny4_06F_Min;SFR_VIS_25cm_Ny4_06F_ROI14_Dev,sfr_25Algo,51.2843571,_2026031715391305402,T20260317153913,DESKTOP-P2DUL42,Loma,1,CW_1_01,2,paul di,2024.0718.155524,V20260126.2,CW_DTCL_DTCR_STC,T20260317154004,51.2843571,True,True,True,True,True,True,True,4S2RND2HBL06DS,v1.0.1,2025_12_22,314,323,474.5152,303.9167,296.1533,152.2133,147.9211,341.5,332.1348,489.4468,-6.5551,2.5154,-0.0001,0.0,-0.2178,1.5662,-0.2104,1.5618,0.6749,154.0293,152.2363,150.4648,155.3086,153.0098,0.8103,0.7884,0.8334,0.7682,0.7682,0.7759,0.7668,0.8013,0.7334,0.7334,0.8124,0.7987,0.8109,0.7704,0.7649,0.6125,0.7683,0.6998,0.6125,0.8005,0.98,0.8202,0.787,0.787,0.8456,0.8154,0.7798,0.8493,0.819,0.777,0.7827,0.7631,0.7631,0,0,0,0,0,v1.0.1,2025_12_22,314.0857,323.0214,475.6594,303.6594,296.0067,151.1933,146.7815,341.649,332.2394,490.5,-6.5455,2.5046,-0.0001,0.0,-0.2187,1.5654,-0.2104,1.5623,0.6747,160.4424,157.4766,163.4375,161.8105,160.7917,0.6742,0.6859,0.6949,0.6904,0.6742,0.6634,0.624,0.6608,0.6492,0.624,0.6404,0.6372,0.6475,0.641,0.6446,0.5626,0.6415,0.6086,0.5626,0.6642,0.4074,0.6867,0.6731,0.4074,0.6613,0.6598,0.6485,0.6696,0.6685,0.6638,0.6681,0.6319,0.6319,0,0,0,0,0,v1.0.1,2025_12_22,312.8972,315.6168,437.9273,302.3636,299.9328,184.2605,184.3223,329.3223,326,445.8974,-7.2841,-4.0079,-0.0001,-0.0,-0.2051,1.5719,-0.2057,1.57,0.6828,173.4473,175.2432,173.4229,175.5801,174.4233,0.7635,0.6833,0.798,0.6529,0.6529,0.7302,0.6522,0.7553,0.655,0.6522,0.7653,0.764,0.7615,0.6851,0.6851,0.7328,0,0.7238,0.6875,0.6875,0,0,0,0,0,v1.0.1,2025_12_22,312.8774,315.566,438.7544,302.2807,299.8291,183.6923,183.4417,329.4167,325.9914,446.8448,-7.3212,-3.9399,-0.0001,-0.0,-0.2046,1.5717,-0.2061,1.5707,0.6829,147.416,143.8213,142.9912,145.7148,144.9858,0.6438,0.5826,0.6792,0.5847,0.5826,0.6235,0.5578,0.6232,0.578,0.5578,0.6277,0.6172,0.6319,0.6295,0.6172,0.5727,0.5318,0.5696,0.5798,0.5318,0,0,0,0,0,-0.0035,-0.0684,0.0048,-0.0559,-0.0456,0.0087,-0.043,0.0053,-0.0287,-0.0287,0.0007,-0.0095,-0.0107,0.0069,-0.0615,-0.2067,-0.0263,-0.0384,-0.0022,0.0145,-0.0045,-0.0252,-0.0011,-0.0147,-0.0045,0.0057,-0.0387,-0.0015,-0.0217,-0.0337,-0.0141,-0.0118,-0.0094,0.0045,-0.0152,-0.1077,-0.0015,-0.0118,0.0042,0.0095,-0.0067,-0.126,0.0024,-0.1286,-0.1173,0.0032,-0.1281,-0.0013,-0.0705,-0.0733,-0.0057,0.0129,0.0157,-0.0072,0.0061,0.0053,-0.0136,-0.1044,0.012,-0.0938,-0.0748,-0.001,-0.0875,-0.0014,-0.0604,-0.0667,-0.0039,-0.0007,-0.0038,0.0371,0.0248,0.0093,-0.0268,True,True
DTC_L_10,LanSi,1,CW_01,A,2026-03-17 15:41:07+08:00,ONLINE,False,,CW_1_01,PASS,,,51.6312147,_2026031715410793802,T20260317154107,DESKTOP-P2DUL42,Loma,1,CW_1_01,2,paul di,2024.0718.155524,V20260126.2,CW_DTCL_DTCR_STC,T20260317154159,51.6312147,True,True,True,True,True,True,True,4S2RND2HBL06DS,v1.0.1,2025_12_22,315.146,322.6277,475.7778,303,297.7651,151.698,149.5839,341.1812,333.2609,488.1087,-5.1933,1.8231,-0.0001,0.0,-0.2211,1.5689,-0.2111,1.5612,0.6745,153.7588,152.0889,150.2109,155.6719,152.9326,0.7991,0.7928,0.8362,0.7713,0.7713,0.7693,0.7533,0.794,0.7182,0.7182,0.822,0.7872,0.8095,0.7524,0.7422,0.7274,0.7474,0.6885,0.6885,0.8061,0.98,0.8022,0.7649,0.7649,0.8403,0.7684,0.7158,0.822,0.8262,0.7949,0.7656,0.7798,0.7158,0,0,0,0,0,v1.0.1,2025_12_22,315.15,322.6643,476.8143,302.9143,297.5667,150.6733,148.3922,341.3333,333.2409,489.1533,-5.2672,1.8477,-0.0001,0.0,-0.221,1.5684,-0.211,1.562,0.6746,161.6133,158.0332,163.8213,163.2305,161.6746,0.6687,0.6729,0.6896,0.677,0.6687,0.6547,0.6207,0.6626,0.6458,0.6207,0.6583,0.6442,0.6603,0.6246,0.6178,0.6315,0.6406,0.61,0.61,0.6667,0.3403,0.6755,0.6681,0.3403,0.6593,0.6267,0.5903,0.6841,0.6619,0.6684,0.6478,0.6398,0.5903,0,0,0,0,0,v1.0.1,2025_12_22,313.9048,315.2762,438.9541,301.7156,301.4034,184.5546,185.7458,328.8983,327,445,-6.0984,-4.4111,-0.0001,-0.0,-0.2075,1.5749,-0.2054,1.5697,0.6829,172.9404,174.7324,172.6221,175.457,173.938,0.7646,0.6889,0.7853,0.6382,0.6382,0.7334,0.6452,0.7476,0.6375,0.6375,0.7547,0.7685,0.7618,0.6765,0.6765,0.6951,0,0.6995,0.647,0.647,0,0,0,0,0,v1.0.1,2025_12_22,313.8396,315.1415,439.7368,301.5,301.275,183.75,184.95,329.0167,327,445.8974,-6.1397,-4.4389,-0.0001,-0.0,-0.2074,1.5749,-0.2067,1.57,0.6827,148.5869,144.3613,143.3818,147.1465,145.8691,0.6481,0.5873,0.6659,0.5799,0.5799,0.6108,0.5462,0.6198,0.564,0.5462,0.628,0.6218,0.6395,0.6044,0.6044,0.5606,0.4593,0.5705,0.5473,0.4593,0,0,0,0,0,-0.0147,-0.064,0.0076,-0.0528,-0.0425,0.0021,-0.0565,-0.002,-0.0439,-0.0439,0.0103,-0.021,-0.0121,-0.0111,-0.0842,-0.0918,-0.0472,-0.0497,0.0034,-0.0035,-0.01,-0.0382,-0.0064,-0.0281,-0.01,-0.003,-0.042,0.0003,-0.0251,-0.037,0.0038,-0.0048,0.0034,-0.0119,-0.042,-0.0388,-0.0024,-0.0104,0.0067,-0.0017,-0.0056,-0.1204,-0.0103,-0.1433,-0.132,0.0064,-0.1351,-0.009,-0.088,-0.088,-0.0163,0.0174,0.016,-0.0158,-0.0316,-0.019,-0.0093,-0.0997,-0.0013,-0.0986,-0.0775,-0.0137,-0.0991,-0.0048,-0.0744,-0.0783,-0.0036,0.0039,0.0038,0.012,0.012,-0.0028,-0.0259,True,True
DTC_R_10,LanSi,1,CW_01,A,2026-03-17 15:41:08+08:00,ONLINE,False,,CW_1_01,PASS,,,51.434741,_2026031715410813701,T20260317154108,DESKTOP-P2DUL42,Loma,1,CW_1_01,1,paul di,2024.0718.155524,V20260126.2,CW_DTCL_DTCR_STC,T20260317154159,51.434741,True,True,True,True,True,True,True,4S2RND2HBL0DP6,v1.0.1,2025_12_22,315,316.0863,474.6963,295.9185,295.0268,146.4631,149.3092,336.5461,335.6408,483.662,-5.5654,-3.7648,-0.0001,-0.0,-0.2251,1.5531,-0.2223,1.5477,0.6633,156.5244,153.7988,153.084,155.9727,154.845,0.8521,0.8096,0.8705,0.8013,0.8013,0.8026,0.7485,0.824,0.7728,0.7485,0.8197,0.7989,0.8008,0.8111,0.7451,0.7186,0.6971,0.7225,0.6971,0.8432,0.8055,0.7931,0.98,0.7931,0.8318,0.7769,0.7737,0.8411,0.7666,0.7896,0.7612,0.8407,0.7612,0,0,0,0,0,v1.0.1,2025_12_22,314.9571,316.1071,475.8467,295.8102,294.9392,145.5676,148.1342,336.6779,335.7552,484.6993,-5.5735,-3.7276,-0.0001,-0.0,-0.225,1.5534,-0.2222,1.5475,0.6635,162.9355,157.3125,165.542,165.1973,162.7468,0.6977,0.6953,0.7075,0.6841,0.6841,0.6765,0.6329,0.685,0.6558,0.6329,0.6469,0.65,0.6414,0.6666,0.6253,0.6355,0.5669,0.6129,0.5669,0.6894,0.652,0.6713,0.4984,0.4984,0.6558,0.6464,0.6465,0.6803,0.6295,0.6427,0.6503,0.6785,0.6295,0,0,0,0,0,v1.0.1,2025_12_22,317.0374,327.6449,441.4643,312.2589,302.4127,194.8968,188.5556,342.0238,331.8636,455.7364,-3.2333,7.0122,-0.0,0.0001,-0.2225,1.5606,-0.2109,1.555,0.6705,176.6279,176.292,176.042,177.6074,176.6423,0.7807,0.6939,0.8082,0.6474,0.6474,0.7485,0.6451,0.7762,0.6481,0.6451,0.7659,0.7432,0.7457,0.7223,0.7223,0.7481,0.6846,0.7116,0,0.6846,0,0,0,0,0,v1.0.1,2025_12_22,317.0849,327.6698,442.3153,312.2432,302.315,194.0945,187.6583,342.275,331.9273,456.5,-3.2398,7.0565,-0.0,0.0001,-0.2221,1.5602,-0.2119,1.5556,0.6705,148.3984,142.7734,144.4336,145.8906,145.374,0.6431,0.5983,0.6715,0.5723,0.5723,0.627,0.5625,0.6538,0.5658,0.5625,0.6219,0.6311,0.6217,0.6179,0.6179,0.588,0.5427,0.5843,0.5094,0.5094,0,0,0,0,0,-0.0132,-0.0665,0.0055,-0.0722,-0.0637,-0.0155,-0.0735,0.0025,-0.0549,-0.0696,-0.0009,-0.0133,-0.0041,-0.0004,-0.0587,-0.0991,-0.0816,-0.102,-0.0084,-0.0049,-0.0051,-0.0229,0.0004,-0.0316,-0.0187,0.0003,-0.0577,0.0028,-0.0231,-0.0433,-0.0111,-0.002,-0.0051,0.0043,-0.0376,-0.034,-0.0449,-0.0359,-0.0097,0.005,-0.0137,-0.1139,0.0043,-0.164,-0.147,-0.0076,-0.1149,0.0132,-0.1276,-0.111,-0.0044,-0.0195,0.0048,-0.0056,0.0017,-0.0213,-0.021,-0.0663,-0.0002,-0.0999,-0.0918,-0.0153,-0.0893,0.0061,-0.079,-0.0798,-0.0176,-0.0177,-0.005,-0.0087,-0.0087,-0.004,0.0129,True,True
